1752791292.4526737,"{'x': -0.05801844124955026, 'y': -0.02590155474387354, 'z': -0.09154940522990997}"
1752791292.503232,"{'x': -0.06503767860296611, 'y': -0.027350336896649063, 'z': -0.09512909163902705}"
1752791292.553543,"{'x': -0.06995215076377431, 'y': -0.029969544359787565, 'z': -0.09863929582071242}"
1752791292.6039908,"{'x': -0.07170419330962677, 'y': -0.032784898666362534, 'z': -0.1032909362755839}"
1752791292.654349,"{'x': -0.07097019584496854, 'y': -0.03662139600410542, 'z': -0.10901987853789473}"
1752791292.704699,"{'x': -0.06829322880060143, 'y': -0.04051909016721827, 'z': -0.11651387044665647}"
1752791292.7548509,"{'x': -0.06367916385117527, 'y': -0.04477577928283693, 'z': -0.12478172599989176}"
1752791292.805033,"{'x': -0.058348579722264524, 'y': -0.04856068376711218, 'z': -0.13424953215402033}"
1752791292.8554578,"{'x': -0.05295181927942487, 'y': -0.05200916825387384, 'z': -0.14452447250456757}"
1752791292.905769,"{'x': -0.04754887111612021, 'y': -0.05493113392105369, 'z': -0.15549480532507406}"
1752791292.9561446,"{'x': -0.04248718401728836, 'y': -0.05761402757742987, 'z': -0.1665770666798473}"
1752791293.006538,"{'x': -0.03828551219682983, 'y': -0.059752706208269626, 'z': -0.17776360571801894}"
1752791293.0570035,"{'x': -0.034661233787510584, 'y': -0.061330721721463616, 'z': -0.18935107367887885}"
1752791293.1075742,"{'x': -0.030684712443257794, 'y': -0.06326483480811682, 'z': -0.20289129156781477}"
1752791293.1578844,"{'x': -0.028163554589891473, 'y': -0.06436073104253111, 'z': -0.2116755792015062}"
1752791293.2081783,"{'x': -0.025191508007957886, 'y': -0.06576732755851473, 'z': -0.22403008255902523}"
1752791293.258373,"{'x': -0.022352119404525233, 'y': -0.06676729358108562, 'z': -0.2335813349673098}"
1752791293.308668,"{'x': -0.01987556991930977, 'y': -0.067609326846609, 'z': -0.24196875058547715}"
1752791293.358921,"{'x': -0.01711371310776096, 'y': -0.06863449953896333, 'z': -0.24960761578895094}"
1752791293.4092596,"{'x': -0.013932356908704672, 'y': -0.0695918426591882, 'z': -0.25560164720993933}"
1752791293.459448,"{'x': -0.011264420120422274, 'y': -0.07119845106239596, 'z': -0.2599699809180585}"
1752791293.5096726,"{'x': -0.008189808246786431, 'y': -0.07305198125190544, 'z': -0.26273460889740186}"
1752791293.5600545,"{'x': -0.005015709461840321, 'y': -0.07521162476041081, 'z': -0.2640464976864014}"
1752791293.610342,"{'x': -0.0024347427827845418, 'y': -0.07728548597614121, 'z': -0.2639091543113632}"
1752791293.6605837,"{'x': 0.000257847046706839, 'y': -0.08005237107645147, 'z': -0.262838211612494}"
1752791293.7107618,"{'x': 0.002714551266401761, 'y': -0.08256351466438908, 'z': -0.2608036722871006}"
1752791293.7612057,"{'x': 0.00473337151669887, 'y': -0.08526648313446385, 'z': -0.25769255508237554}"
1752791293.8116565,"{'x': 0.0062228399901850286, 'y': -0.08803925913704527, 'z': -0.25417829195070846}"
1752791293.8620107,"{'x': 0.007685135019114536, 'y': -0.09054172384169443, 'z': -0.2497672469333254}"
1752791293.9124553,"{'x': 0.008748305633548037, 'y': -0.0929819434644229, 'z': -0.24508351064509779}"
1752791293.9628496,"{'x': 0.00928760644300958, 'y': -0.0953199227539469, 'z': -0.23982549001375236}"
1752791294.0131593,"{'x': 0.010076810180596191, 'y': -0.09712158985688155, 'z': -0.2340747967008647}"
1752791294.0637825,"{'x': 0.01042309291589265, 'y': -0.09904536214537879, 'z': -0.22825633785586447}"
1752791294.1141472,"{'x': 0.010810695849855152, 'y': -0.1001880373401797, 'z': -0.22246578747411322}"
1752791294.1644936,"{'x': 0.010735377405843693, 'y': -0.10177916783404169, 'z': -0.21500110002895612}"
1752791294.2147975,"{'x': 0.010711155214847345, 'y': -0.10303896719958319, 'z': -0.20936959810092684}"
1752791294.2650034,"{'x': 0.010850379825593852, 'y': -0.1036968954080508, 'z': -0.20278000234534033}"
1752791294.3151803,"{'x': 0.010303658896577318, 'y': -0.10422853932425784, 'z': -0.1966076506465746}"
1752791294.3653648,"{'x': 0.010374203882014344, 'y': -0.10450392009810001, 'z': -0.1899776837890867}"
1752791294.4155571,"{'x': 0.009921095821741386, 'y': -0.10496445016398517, 'z': -0.18338644397695517}"
1752791294.4657922,"{'x': 0.009666240705192963, 'y': 0.8948718573431458, 'z': 0.3233940251936387}"
1752791294.5161157,"{'x': 0.009534317802356666, 'y': 0.8948194164664283, 'z': 0.3300268613519681}"
1752791294.566567,"{'x': 0.009142075509441154, 'y': 0.8933013493543289, 'z': 0.33686629220693565}"
1752791294.6173356,"{'x': 0.009415735244647082, 'y': 0.8902486076734104, 'z': 0.34310386037194396}"
1752791294.6675913,"{'x': 0.009312724222952429, 'y': 0.8844427874104654, 'z': 0.34963536693648456}"
1752791294.717861,"{'x': 0.009997745265332132, 'y': 0.8746984857859976, 'z': 0.3551862183847819}"
1752791294.7680597,"{'x': 0.011057922866904778, 'y': 0.8608377224847249, 'z': 0.3599499806307992}"
1752791294.8182116,"{'x': 0.012738874670504085, 'y': 0.8438024161087843, 'z': 0.3638777738423381}"
1752791294.8683794,"{'x': 0.014946093730564504, 'y': 0.8236034605516461, 'z': 0.3674352858524776}"
1752791294.9185302,"{'x': 0.017564306452882414, 'y': 0.8008469069361235, 'z': 0.36947929771293764}"
1752791294.9688048,"{'x': 0.020399141978707284, 'y': 0.7761531512183475, 'z': 0.37027258701316956}"
1752791295.0191112,"{'x': 0.023183370662252196, 'y': 0.7510214658030827, 'z': 0.3694195646189513}"
1752791295.0694704,"{'x': 0.026718662406504695, 'y': 0.719912314138999, 'z': 0.36619158837168153}"
1752791295.119713,"{'x': 0.029693973529827902, 'y': 0.6946056425190699, 'z': 0.36130984941878597}"
1752791295.1699588,"{'x': 0.03225077673221403, 'y': 0.6693155354612768, 'z': 0.3548606506117024}"
1752791295.2202666,"{'x': 0.03435825285604897, 'y': 0.6459690683791218, 'z': 0.3467432570927108}"
1752791295.2704828,"{'x': 0.03652945982960896, 'y': 0.6234263322281358, 'z': 0.33755503339850396}"
1752791295.3208718,"{'x': 0.03819376529267724, 'y': 0.6028263785515611, 'z': 0.3281663206994341}"
1752791295.3715706,"{'x': 0.04055455843185649, 'y': 0.5826532733467576, 'z': 0.317854669764548}"
1752791295.4219453,"{'x': 0.04384152495248107, 'y': 0.5613057789347977, 'z': 0.3057032475785262}"
1752791295.4725504,"{'x': 0.04662103573289867, 'y': 0.5416436604329314, 'z': 0.29401970389852994}"
1752791295.5229838,"{'x': 0.049846540858804154, 'y': 0.5225613339217836, 'z': 0.2815437871748041}"
1752791295.5731938,"{'x': 0.05330546413155663, 'y': 0.5040208341162441, 'z': 0.2690935984287114}"
1752791295.6233394,"{'x': 0.05705100104844315, 'y': 0.48545801215641415, 'z': 0.2563188479476369}"
1752791295.6736631,"{'x': 0.0613264164989425, 'y': 0.46731580966165565, 'z': 0.24334762280397404}"
1752791295.7240827,"{'x': 0.06561266285696762, 'y': 0.44948372337770226, 'z': 0.2303806484362465}"
1752791295.774556,"{'x': 0.06948186897838106, 'y': 0.4320616787815793, 'z': 0.2173090908008088}"
1752791295.8248909,"{'x': 0.07360168726499954, 'y': 0.41486296184789717, 'z': 0.2043858489342708}"
1752791295.8753605,"{'x': 0.07745203062409149, 'y': 0.3975653148810715, 'z': 0.19207878034447123}"
1752791295.9256492,"{'x': 0.0812149625210804, 'y': 0.3806771582171774, 'z': 0.17997379623674087}"
1752791295.9759936,"{'x': 0.08455629166583181, 'y': 0.36476846070408886, 'z': 0.16870359146776698}"
1752791296.0264218,"{'x': 0.08733514321767179, 'y': 0.34860899299240566, 'z': 0.15771438015074968}"
1752791296.0766482,"{'x': 0.09004554357690005, 'y': 0.33357442869041576, 'z': 0.14707573628047388}"
1752791296.1268613,"{'x': 0.09256124895265311, 'y': 0.3189051066155977, 'z': 0.13662934614200356}"
1752791296.1773427,"{'x': 0.0954050286608435, 'y': 0.30167303191669637, 'z': 0.12394354447301992}"
1752791296.2277637,"{'x': 0.09771208945956907, 'y': 0.28825737565625453, 'z': 0.1134553322219336}"
1752791296.2780738,"{'x': 0.10007165266516706, 'y': 0.2756389389936226, 'z': 0.10324280889304405}"
1752791296.32828,"{'x': 0.10198150861858721, 'y': 0.26403871444462934, 'z': 0.0928667045265148}"
1752791296.3788073,"{'x': 0.1040970392812111, 'y': 0.25310530778865803, 'z': 0.0834326119852492}"
1752791296.4295337,"{'x': 0.10660781458843537, 'y': 0.24274443120667888, 'z': 0.0749372621653302}"
1752791296.479846,"{'x': 0.10935361678783061, 'y': 0.2329824798239173, 'z': 0.06723745924378177}"
1752791296.5301793,"{'x': 0.11118499277771143, 'y': 0.22401922612866887, 'z': 0.06041398741308579}"
1752791296.5806098,"{'x': 0.11344854127848274, 'y': 0.21551479852201316, 'z': 0.05439785054807711}"
1752791296.6307752,"{'x': 0.11466037519702206, 'y': 0.21052453554868866, 'z': 0.05152521280508521}"
1752791296.6809156,"{'x': 0.11683546779358862, 'y': 0.20102138761803778, 'z': 0.046685239554505875}"
1752791296.7310536,"{'x': 0.11845851756853108, 'y': 0.19340884211705867, 'z': 0.04354445780044258}"
1752791296.7812235,"{'x': 0.12015652599110928, 'y': 0.18633188026470004, 'z': 0.041464372437736985}"
1752791296.831343,"{'x': 0.1213372661780294, 'y': 0.17946535044153344, 'z': 0.039605281699806705}"
1752791296.8814309,"{'x': 0.12275409769300018, 'y': 0.17279953057533426, 'z': 0.038347178114103986}"
1752791296.931537,"{'x': 0.12385872475079615, 'y': 0.16644140191057644, 'z': 0.03759029920868512}"
1752791296.9817624,"{'x': 0.12453167931311487, 'y': 0.160697896017994, 'z': 0.036962221051906496}"
1752791297.03207,"{'x': 0.12571805347662207, 'y': 0.15452339101723966, 'z': 0.03696454100624896}"
1752791297.082363,"{'x': 0.12603791372609732, 'y': 0.14936331894010846, 'z': 0.03683440211288813}"
1752791297.1324904,"{'x': 0.12701887988205746, 'y': 0.14376838635309985, 'z': 0.03725162852422259}"
1752791297.1828089,"{'x': 0.12775813748807754, 'y': 0.1386120593532295, 'z': 0.037840475122508654}"
1752791297.2332737,"{'x': 0.12822456734210147, 'y': 0.13388026801094877, 'z': 0.03851215217959736}"
1752791297.2837765,"{'x': 0.12846148189592987, 'y': 0.1297260908825134, 'z': 0.03911532101285187}"
1752791297.334048,"{'x': 0.12888396504420294, 'y': 0.12642980634437828, 'z': 0.0399681681186122}"
1752791297.3843703,"{'x': 0.12930381931613755, 'y': 0.12356622904851744, 'z': 0.04110694097067119}"
1752791297.4350722,"{'x': 0.12970319872000832, 'y': 0.12171341145844061, 'z': 0.04243087737527207}"
1752791297.4853945,"{'x': 0.1298906352699307, 'y': 0.12067925644143918, 'z': 0.04370464477481523}"
1752791297.5359135,"{'x': 0.1296000809624396, 'y': 0.12003838703855285, 'z': 0.04441017843347256}"
1752791297.5862906,"{'x': 0.13028777916620277, 'y': 0.11985389456956652, 'z': 0.045896465467652914}"
1752791297.6366563,"{'x': 0.13049145641803292, 'y': 0.11998358957779431, 'z': 0.04651285505503999}"
1752791297.687351,"{'x': 0.1306830997236521, 'y': 0.1204362015357473, 'z': 0.047000082436759794}"
1752791297.737651,"{'x': 0.13087163003444147, 'y': 0.12096236963155627, 'z': 0.047490059432678144}"
1752791297.7879481,"{'x': 0.13080305215966567, 'y': 0.12136308488611647, 'z': 0.04783351792356416}"
1752791297.8381565,"{'x': 0.13100181608085382, 'y': 0.1216574711303996, 'z': 0.048251687188898607}"
1752791297.8884666,"{'x': 0.13129162519072168, 'y': 0.12165869618413017, 'z': 0.04877984703116778}"
1752791297.9389062,"{'x': 0.13182822957029888, 'y': 0.12132702380341664, 'z': 0.04981051093944083}"
1752791297.9891994,"{'x': 0.13227982819433207, 'y': 0.12071841983596587, 'z': 0.05062330543104121}"
1752791298.039341,"{'x': 0.13259999120530194, 'y': 0.1201076892416747, 'z': 0.05153023000082996}"
1752791298.0895875,"{'x': 0.13292032862047562, 'y': 0.11923173480216032, 'z': 0.05255899024192934}"
1752791298.1397119,"{'x': 0.13345769987701683, 'y': 0.1179149683443319, 'z': 0.05373390449640564}"
1752791298.1898315,"{'x': 0.13369778464853044, 'y': 0.1166705994339794, 'z': 0.05492823244896833}"
1752791298.2399487,"{'x': 0.1343367818782039, 'y': 0.11517745832390869, 'z': 0.05642472296400791}"
1752791298.290133,"{'x': 0.13472411982615332, 'y': 0.11340214601685894, 'z': 0.05748850980422876}"
1752791298.3403614,"{'x': 0.1350455178589871, 'y': 0.11170215800356642, 'z': 0.05853906949952825}"
1752791298.390635,"{'x': 0.13570728224401835, 'y': 0.10975527571741306, 'z': 0.05948736769379903}"
1752791298.4408665,"{'x': 0.1361342221489223, 'y': 0.10764649091313483, 'z': 0.0602457549154809}"
1752791298.4909985,"{'x': 0.13645087263357425, 'y': 0.10605673125455684, 'z': 0.060547508285788254}"
1752791298.5414217,"{'x': 0.13701806751856638, 'y': 0.10430015330801035, 'z': 0.06057031604658686}"
1752791298.5917323,"{'x': 0.1373918644936601, 'y': 0.10274751776604618, 'z': 0.0604416903295481}"
1752791298.6419768,"{'x': 0.1378308384448981, 'y': 0.10141606025766481, 'z': 0.06040039784777679}"
1752791298.6921036,"{'x': 0.1381172741687424, 'y': 0.10042626067492089, 'z': 0.06049867849745677}"
1752791298.7422216,"{'x': 0.13845080588268516, 'y': 0.09967418322578281, 'z': 0.06089298126370002}"
1752791298.7923334,"{'x': 0.1387881258064432, 'y': 0.09916300444537185, 'z': 0.06141137606733482}"
1752791298.8424587,"{'x': 0.1389220144689493, 'y': 0.09876221066714241, 'z': 0.062071773020119014}"
1752791298.892572,"{'x': 0.13930622970742762, 'y': 0.09849797454632314, 'z': 0.062449208083412755}"
1752791298.9426968,"{'x': 0.13963567666814072, 'y': 0.09838276229551057, 'z': 0.0629032171953035}"
1752791298.9929729,"{'x': 0.1398433377849793, 'y': 0.09837524709207612, 'z': 0.0634441582478178}"
1752791299.0431354,"{'x': 0.1402169807917275, 'y': 0.09836875624580999, 'z': 0.0640753299852202}"
1752791299.0933702,"{'x': 0.14049959932315698, 'y': 0.09829126272093247, 'z': 0.06440690900435869}"
1752791299.1434913,"{'x': 0.14136496164411635, 'y': 0.09779114933067323, 'z': 0.06521331633494981}"
1752791299.193801,"{'x': 0.1416677384551083, 'y': 0.09747810408589352, 'z': 0.06565051447325643}"
1752791299.2440088,"{'x': 0.1422699107125381, 'y': 0.09700673579328478, 'z': 0.06598170740442472}"
1752791299.2942913,"{'x': 0.14297818129548534, 'y': 0.09617009442475943, 'z': 0.06626496310739305}"
1752791299.3448675,"{'x': 0.1440420664234087, 'y': 0.09476561257743699, 'z': 0.06605648008766424}"
1752791299.3950737,"{'x': 0.14502244721117694, 'y': 0.09354075901326153, 'z': 0.06629578986745138}"
1752791299.445234,"{'x': 0.14592535369490925, 'y': 0.09200877811845465, 'z': 0.06609171534126318}"
1752791299.4955413,"{'x': 0.14645129878820387, 'y': 0.09050339735792956, 'z': 0.06579143975615981}"
1752791299.545853,"{'x': 0.14712587923328213, 'y': 0.08898650463138558, 'z': 0.06554686380306629}"
1752791299.5967724,"{'x': 0.1471405548647849, 'y': 0.08772018094502476, 'z': 0.06538589673590273}"
1752791299.6470811,"{'x': 0.14757246779355448, 'y': 0.08618448529148959, 'z': 0.06535791020350556}"
1752791299.6974075,"{'x': 0.14745507938106137, 'y': 0.08525435768835765, 'z': 0.06537977360778285}"
1752791299.7478733,"{'x': 0.14710062025506898, 'y': 0.08458907600304788, 'z': 0.06541132398212862}"
1752791299.7981486,"{'x': 0.14604670160475566, 'y': 0.08444137881809255, 'z': 0.0652213230170327}"
1752791299.8485014,"{'x': 0.1453548556163358, 'y': 0.08426324835311094, 'z': 0.065710889385306}"
1752791299.8991463,"{'x': 0.14468739970808572, 'y': 0.08437448956701299, 'z': 0.06662130971317837}"
1752791299.9496284,"{'x': 0.14342901108749456, 'y': 0.08492024686892508, 'z': 0.06702226946452228}"
1752791300.0005136,"{'x': 0.1424168686337247, 'y': 0.08552936424605406, 'z': 0.06738356784786453}"
1752791300.0508645,"{'x': 0.14085768615624883, 'y': 0.08627155194331781, 'z': 0.06771604320650237}"
1752791300.1012228,"{'x': 0.13925213108337312, 'y': 0.08708180226028683, 'z': 0.06831844186376423}"
1752791300.1517353,"{'x': 0.1384806406811458, 'y': 0.08736669814808196, 'z': 0.06876101332990336}"
1752791300.2023613,"{'x': 0.13751333758773263, 'y': 0.08771983808691741, 'z': 0.06932890619555682}"
1752791300.253059,"{'x': 0.13613263121078334, 'y': 0.08812452261445658, 'z': 0.06990192941156531}"
1752791300.3034625,"{'x': 0.1356075644238266, 'y': 0.08829480080875551, 'z': 0.07009323534357648}"
1752791300.3536727,"{'x': 0.13500426464290932, 'y': 0.08821654692447012, 'z': 0.07089351327536181}"
1752791300.4038873,"{'x': 0.1347852259685275, 'y': 0.08767979489158861, 'z': 0.07159704726654942}"
1752791300.454189,"{'x': 0.1339777855676765, 'y': 0.08692860857121809, 'z': 0.07147680743402679}"
1752791300.5046742,"{'x': 0.1342829904585963, 'y': 0.08607525035255537, 'z': 0.07261646564614593}"
1752791300.5550206,"{'x': 0.13399819976993962, 'y': 0.08497743584589657, 'z': 0.07280132369150277}"
1752791300.605694,"{'x': 0.13432204123213715, 'y': 0.0837649152866714, 'z': 0.07323262887575732}"
1752791300.6561852,"{'x': 0.13454682515614313, 'y': 0.08238205615521876, 'z': 0.07343714963984532}"
1752791300.706468,"{'x': 0.13427942793932, 'y': 0.08111230558758975, 'z': 0.07379491331056148}"
1752791300.7566805,"{'x': 0.13438868546798083, 'y': 0.07988632656517747, 'z': 0.07431795381360823}"
1752791300.8069692,"{'x': 0.13435477907013146, 'y': 0.07879158849259449, 'z': 0.07470949151967105}"
1752791300.857431,"{'x': 0.13408732433045456, 'y': 0.07803643607129895, 'z': 0.07490258170453445}"
1752791300.9077458,"{'x': 0.13372230002334592, 'y': 0.0772170880184857, 'z': 0.075218711787432}"
1752791300.9580638,"{'x': 0.13340361656199867, 'y': 0.07681665145844707, 'z': 0.07550197743552572}"
1752791301.0082006,"{'x': 0.13293064147655412, 'y': 0.07670950902773799, 'z': 0.07554481192047802}"
1752791301.0583735,"{'x': 0.13245547670317268, 'y': 0.07680799858440934, 'z': 0.07546063545714693}"
1752791301.108604,"{'x': 0.13205775238923262, 'y': 0.07698134135208978, 'z': 0.07518265235504301}"
1752791301.1587725,"{'x': 0.13151779939886646, 'y': 0.07753141654484874, 'z': 0.07504127866229582}"
1752791301.2090561,"{'x': 0.13102765854927134, 'y': 0.0778797739134357, 'z': 0.07469326802270193}"
1752791301.2593708,"{'x': 0.1305786203219129, 'y': 0.0784261083815545, 'z': 0.07467673794354684}"
1752791301.3095698,"{'x': 0.1296626484424588, 'y': 0.07918675753467208, 'z': 0.07424878123477618}"
1752791301.3600023,"{'x': 0.12930282850130337, 'y': 0.07953597606516316, 'z': 0.07428128932266354}"
1752791301.4106853,"{'x': 0.12903105967185355, 'y': 0.07985790598041909, 'z': 0.0744224648367045}"
1752791301.461267,"{'x': 0.12875929694544352, 'y': 0.0796821873762803, 'z': 0.07484416921835596}"
1752791301.5115974,"{'x': 0.12872032959033194, 'y': 0.07906456879042112, 'z': 0.07522104140244606}"
1752791301.5619361,"{'x': 0.1284577340046817, 'y': 0.07848926497550512, 'z': 0.07556862789488283}"
1752791301.612335,"{'x': 0.12818099532408558, 'y': 0.07757005139104722, 'z': 0.0760214817475598}"
1752791301.6628296,"{'x': 0.1277861174973917, 'y': 0.07636410023563844, 'z': 0.07650609578321277}"
1752791301.7130263,"{'x': 0.12762672116045362, 'y': 0.07516772757368684, 'z': 0.07722170192846389}"
1752791301.7633471,"{'x': 0.1272142322530529, 'y': 0.07378567932436153, 'z': 0.07789630454323732}"
1752791301.8136773,"{'x': 0.12676488553563453, 'y': 0.07213517165839012, 'z': 0.07851923702664215}"
1752791301.8640049,"{'x': 0.12641374853817217, 'y': 0.07015028614029772, 'z': 0.07954595502510214}"
1752791301.9144685,"{'x': 0.12563727300533994, 'y': 0.06871991636075825, 'z': 0.08036016532941548}"
1752791301.9646516,"{'x': 0.1250775681245793, 'y': 0.0672391648700138, 'z': 0.08119139403028658}"
1752791302.014887,"{'x': 0.12456213256488743, 'y': 0.06616006530016871, 'z': 0.08189920512860516}"
1752791302.0651913,"{'x': 0.12385714121490557, 'y': 0.0654374862822662, 'z': 0.08247757612210943}"
1752791302.115362,"{'x': 0.12267200282800281, 'y': 0.0650643691951861, 'z': 0.08270860297612126}"
1752791302.165517,"{'x': 0.12195323354769104, 'y': 0.06483127710250602, 'z': 0.08320282288251701}"
1752791302.2156832,"{'x': 0.12154973343849572, 'y': 0.06474948794530633, 'z': 0.08401657487087077}"
1752791302.2659035,"{'x': 0.12077915510696284, 'y': 0.06492968419985712, 'z': 0.08444154353069944}"
1752791302.3161452,"{'x': 0.11994495687199129, 'y': 0.06543841750815593, 'z': 0.08492984154819055}"
1752791302.3664727,"{'x': 0.11910969932912899, 'y': 0.06613749480337372, 'z': 0.0854492414730676}"
1752791302.4166765,"{'x': 0.11877951220477766, 'y': 0.06671979744719059, 'z': 0.08606004167949793}"
1752791302.466945,"{'x': 0.11889356336462106, 'y': 0.06715034188042868, 'z': 0.08713928254200126}"
1752791302.5171468,"{'x': 0.11883630238513097, 'y': 0.06759948547058092, 'z': 0.08791615808117059}"
1752791302.5674877,"{'x': 0.1189807128931721, 'y': 0.0678369030236674, 'z': 0.08846370143913984}"
1752791302.6178007,"{'x': 0.11912909761800136, 'y': 0.06796119186101368, 'z': 0.08895184259518074}"
1752791302.668328,"{'x': 0.11936054850267179, 'y': 0.06756697689652602, 'z': 0.08940455267237435}"
1752791302.7185862,"{'x': 0.11993121206847523, 'y': 0.06693656494292599, 'z': 0.0895881132661751}"
1752791302.7687266,"{'x': 0.12051455272906388, 'y': 0.06600228701198696, 'z': 0.08967465941968428}"
1752791302.8188775,"{'x': 0.12102303288380035, 'y': 0.06442260599768312, 'z': 0.08982903258940356}"
1752791302.869196,"{'x': 0.12155033981228801, 'y': 0.06306325774015065, 'z': 0.08985458139031971}"
1752791302.919396,"{'x': 0.12230910024653016, 'y': 0.06148614108342576, 'z': 0.08932674729730655}"
1752791302.9696748,"{'x': 0.1228103214143429, 'y': 0.06000709594331244, 'z': 0.08901190990308888}"
1752791303.020143,"{'x': 0.12349237736700377, 'y': 0.058535338737670695, 'z': 0.0886790236505568}"
1752791303.0704298,"{'x': 0.12353055317681261, 'y': 0.057313900116027106, 'z': 0.08808839025666065}"
1752791303.1205359,"{'x': 0.12377449174633212, 'y': 0.055852064510571786, 'z': 0.08742538491280821}"
1752791303.1706734,"{'x': 0.12346971274439533, 'y': 0.05521752141294767, 'z': 0.08707707308165341}"
1752791303.2209454,"{'x': 0.12332401766397175, 'y': 0.05464658001851397, 'z': 0.08680253275207284}"
1752791303.2712328,"{'x': 0.1226561948714551, 'y': 0.05449160965031297, 'z': 0.08703859355797217}"
1752791303.321524,"{'x': 0.121465726749045, 'y': 0.05468517438157183, 'z': 0.08683892553737305}"
1752791303.3718197,"{'x': 0.12041335889868157, 'y': 0.05514323805833565, 'z': 0.08718781014687077}"
1752791303.422142,"{'x': 0.1193330066782727, 'y': 0.055733153873687824, 'z': 0.0873890316486946}"
1752791303.4725044,"{'x': 0.11828254972223166, 'y': 0.0563638500908078, 'z': 0.08796297688773808}"
1752791303.5231323,"{'x': 0.11720938685347809, 'y': 0.05718734023354344, 'z': 0.0885002574979108}"
1752791303.5735044,"{'x': 0.11610536961567026, 'y': 0.058049202615561124, 'z': 0.08886069270104319}"
1752791303.6238132,"{'x': 0.11550422049661668, 'y': 0.05862093104214594, 'z': 0.0893578900022402}"
1752791303.674019,"{'x': 0.11508034206734531, 'y': 0.059103471552865994, 'z': 0.0895535225376311}"
1752791303.7242932,"{'x': 0.11478652261119801, 'y': 0.059749974558918506, 'z': 0.08985476096646539}"
1752791303.7750585,"{'x': 0.11477323447652282, 'y': 0.0600663738598225, 'z': 0.0902724218241388}"
1752791303.8259487,"{'x': 0.11511563390529886, 'y': 0.05997905599497788, 'z': 0.09065214041032699}"
1752791303.8762145,"{'x': 0.11545824199913793, 'y': 0.05992511460956962, 'z': 0.09120379232342885}"
1752791303.9266512,"{'x': 0.11559370307274805, 'y': 0.059754205850619635, 'z': 0.09153825632430262}"
1752791303.9769301,"{'x': 0.1162138469196654, 'y': 0.05932791262556414, 'z': 0.09226170244055487}"
1752791304.0271647,"{'x': 0.1164661235009845, 'y': 0.05876594154720227, 'z': 0.09275182873267951}"
1752791304.0774724,"{'x': 0.11699502773559443, 'y': 0.05783548089010615, 'z': 0.09352530732076408}"
1752791304.127938,"{'x': 0.11683863111885279, 'y': 0.0572507975428197, 'z': 0.09429152476445751}"
1752791304.1782053,"{'x': 0.11721117374714904, 'y': 0.05647519774632426, 'z': 0.0950768657579032}"
1752791304.2284632,"{'x': 0.11690295392017183, 'y': 0.05575804060802736, 'z': 0.09587192631425295}"
1752791304.2786462,"{'x': 0.11606015135623228, 'y': 0.055477354800613776, 'z': 0.09605849729389204}"
1752791304.3288617,"{'x': 0.11535294616869281, 'y': 0.05483968084486546, 'z': 0.09645277408833153}"
1752791304.3791041,"{'x': 0.11459757682395101, 'y': 0.054684690062464014, 'z': 0.09693284222877269}"
1752791304.4293478,"{'x': 0.11290177342316084, 'y': 0.054778017514352295, 'z': 0.09699036045347248}"
1752791304.479894,"{'x': 0.11160213664828307, 'y': 0.05472881269516772, 'z': 0.09715524568398315}"
1752791304.5301213,"{'x': 0.11021235114243469, 'y': 0.054922477575639506, 'z': 0.09717355986911907}"
1752791304.5804086,"{'x': 0.10882482893714274, 'y': 0.055210099537914226, 'z': 0.09716194986363447}"
1752791304.6306155,"{'x': 0.10747939601291355, 'y': 0.05566306560175738, 'z': 0.09716919445736255}"
1752791304.6808488,"{'x': 0.1063664937403311, 'y': 0.05586500818737372, 'z': 0.09763857043743596}"
1752791304.7310343,"{'x': 0.10488705256398136, 'y': 0.05641340482909307, 'z': 0.09761702341321749}"
1752791304.781512,"{'x': 0.1043161781129311, 'y': 0.05695965093489397, 'z': 0.0984303507176828}"
1752791304.8317282,"{'x': 0.10323251861064854, 'y': 0.05731688345400743, 'z': 0.09862175516306149}"
1752791304.88232,"{'x': 0.10267977438426912, 'y': 0.05761716908906822, 'z': 0.09913987503395166}"
1752791304.9325285,"{'x': 0.10246792953459676, 'y': 0.05761878317190561, 'z': 0.09930190923293225}"
1752791304.9827464,"{'x': 0.10210330357483458, 'y': 0.058149176989756746, 'z': 0.09964930871117156}"
1752791305.0328958,"{'x': 0.1020434694223751, 'y': 0.05846098713446457, 'z': 0.10004529603553103}"
1752791305.0830846,"{'x': 0.10218766046276806, 'y': 0.058490336929741926, 'z': 0.10018734636758936}"
1752791305.133222,"{'x': 0.10247704951982754, 'y': 0.05831689997637257, 'z': 0.10012788402162281}"
1752791305.1833193,"{'x': 0.10259338644701284, 'y': 0.05807338187477662, 'z': 0.1001216937943088}"
1752791305.2334914,"{'x': 0.10277809469170036, 'y': 0.05778418859158985, 'z': 0.09988432814247633}"
1752791305.2838094,"{'x': 0.10271647418246557, 'y': 0.0574022493654045, 'z': 0.09969685543893408}"
1752791305.3339958,"{'x': 0.10268141270682622, 'y': 0.05707307072240486, 'z': 0.09946691048486317}"
1752791305.3841558,"{'x': 0.10218084542362858, 'y': 0.0566163883035159, 'z': 0.09883570875194087}"
1752791305.434578,"{'x': 0.10198346144321976, 'y': 0.05604334421279522, 'z': 0.0985671014933836}"
1752791305.4851599,"{'x': 0.10140341223999383, 'y': 0.05546348103519616, 'z': 0.09803930695353225}"
1752791305.5354655,"{'x': 0.10049023292690482, 'y': 0.0549612081539288, 'z': 0.09752747981882753}"
1752791305.5856833,"{'x': 0.09981491270923479, 'y': 0.05434548948883433, 'z': 0.09699886668235802}"
1752791305.6359265,"{'x': 0.09888946125780886, 'y': 0.05405180545317745, 'z': 0.09687551968176461}"
1752791305.68615,"{'x': 0.09773149635368858, 'y': 0.05354397700242919, 'z': 0.09639121440088488}"
1752791305.7363005,"{'x': 0.09648823666430655, 'y': 0.05344161761517474, 'z': 0.09587480667213594}"
1752791305.786732,"{'x': 0.09538018286281283, 'y': 0.05323281310315753, 'z': 0.09551777166614528}"
1752791305.8373687,"{'x': 0.09462174026623754, 'y': 0.05296794049139131, 'z': 0.09533430329361392}"
1752791305.8876648,"{'x': 0.0940563181728784, 'y': 0.052786599123246236, 'z': 0.09505132870253996}"
1752791305.937841,"{'x': 0.09351415164901218, 'y': 0.05268754939459375, 'z': 0.09494039081946143}"
1752791305.987999,"{'x': 0.09334260037826346, 'y': 0.05265162453250383, 'z': 0.09491114400950423}"
1752791306.0381546,"{'x': 0.09340271638778583, 'y': 0.05258941937072359, 'z': 0.09498277695376806}"
1752791306.0884838,"{'x': 0.09368997301340345, 'y': 0.05247090049687353, 'z': 0.09508527795906452}"
1752791306.138801,"{'x': 0.09435640458010172, 'y': 0.0522191831628267, 'z': 0.09504458508390123}"
1752791306.1890595,"{'x': 0.09444742765514683, 'y': 0.05235697185842558, 'z': 0.09502871390905698}"
1752791306.2393587,"{'x': 0.0950508835843797, 'y': 0.05225959960818838, 'z': 0.09503046092566525}"
1752791306.2898974,"{'x': 0.09545401896423408, 'y': 0.052056975497611346, 'z': 0.09465730885740709}"
1752791306.3403418,"{'x': 0.09556752467904035, 'y': 0.05195387006551855, 'z': 0.09452368914237413}"
1752791306.3905065,"{'x': 0.09548196023112435, 'y': 0.05181110893013463, 'z': 0.09421789181955187}"
1752791306.4407527,"{'x': 0.09547017984150104, 'y': 0.05148285307025813, 'z': 0.0937716098882655}"
1752791306.491037,"{'x': 0.09501457212406192, 'y': 0.051298069911485, 'z': 0.0937536510463613}"
1752791306.541208,"{'x': 0.09470542490731515, 'y': 0.05077114638880642, 'z': 0.09344315545257548}"
1752791306.591362,"{'x': 0.09419511442763993, 'y': 0.05056456237150486, 'z': 0.09318987077927315}"
1752791306.641644,"{'x': 0.09374516807784096, 'y': 0.05004476874923447, 'z': 0.09346354258818196}"
1752791306.6919355,"{'x': 0.09298957992028647, 'y': 0.049838205658368384, 'z': 0.09329658713297961}"
1752791306.7422621,"{'x': 0.09242737918437305, 'y': 0.04972106769036477, 'z': 0.09312228219525004}"
1752791306.7924285,"{'x': 0.09165528212867805, 'y': 0.0495984172076146, 'z': 0.09293363009912925}"
1752791306.8425949,"{'x': 0.09107859646216906, 'y': 0.049385521388008, 'z': 0.092697871961064}"
1752791306.8927603,"{'x': 0.09060690034308631, 'y': 0.04940567925335826, 'z': 0.09236907894606594}"
1752791306.9429045,"{'x': 0.09036123512125384, 'y': 0.04924861381994783, 'z': 0.09206886855646612}"
1752791306.993051,"{'x': 0.09021600562335012, 'y': 0.04924872081366072, 'z': 0.09180567780413484}"
1752791307.0432336,"{'x': 0.09007083812832292, 'y': 0.04925917836077409, 'z': 0.0912644539730253}"
1752791307.0933852,"{'x': 0.09002295032341333, 'y': 0.04932282733033366, 'z': 0.0910894236641775}"
1752791307.1435385,"{'x': 0.09037903192462145, 'y': 0.04926309457769862, 'z': 0.09077951654016275}"
1752791307.1936622,"{'x': 0.0907192102836642, 'y': 0.04909757172380802, 'z': 0.09076584717894254}"
1752791307.2438593,"{'x': 0.09131996442463891, 'y': 0.04892305093666083, 'z': 0.09069763742433773}"
1752791307.2941077,"{'x': 0.09176421764264815, 'y': 0.048723143590860496, 'z': 0.0909187738553634}"
1752791307.3445828,"{'x': 0.09246356089804235, 'y': 0.04838901374529936, 'z': 0.091048627540317}"
1752791307.395117,"{'x': 0.09243736564720574, 'y': 0.04843069781554299, 'z': 0.09144137395251256}"
1752791307.4454215,"{'x': 0.09242421697392782, 'y': 0.04815001652897, 'z': 0.09136800042668303}"
1752791307.4958048,"{'x': 0.09256418314365704, 'y': 0.047863170567732816, 'z': 0.09152073686926027}"
1752791307.546678,"{'x': 0.09233435375589952, 'y': 0.04782238686014417, 'z': 0.09198737576518173}"
1752791307.5972931,"{'x': 0.0917906931672667, 'y': 0.04776543726973925, 'z': 0.09229334461769628}"
1752791307.6478634,"{'x': 0.09096364171765323, 'y': 0.04780232107540261, 'z': 0.09267991700266448}"
1752791307.6981936,"{'x': 0.08986266215950772, 'y': 0.04774315678321317, 'z': 0.0932851697120331}"
1752791307.74857,"{'x': 0.08879884632977564, 'y': 0.04782645276574227, 'z': 0.09384608375456138}"
1752791307.7991414,"{'x': 0.0873381793343622, 'y': 0.04774711375696916, 'z': 0.0941056343802611}"
1752791307.849337,"{'x': 0.08628877290678266, 'y': 0.047474338105216285, 'z': 0.09456793433679223}"
1752791307.8994887,"{'x': 0.08547546668837347, 'y': 0.047109179715851046, 'z': 0.09509883584729778}"
1752791307.9496636,"{'x': 0.08427129882399163, 'y': 0.04697661298807876, 'z': 0.09541214688259614}"
1752791307.9998434,"{'x': 0.08399498289538337, 'y': 0.04659980810618869, 'z': 0.0953219510532784}"
1752791308.050142,"{'x': 0.08318583888576199, 'y': 0.04639077863242769, 'z': 0.09525086108510256}"
1752791308.1006103,"{'x': 0.08273967530296256, 'y': 0.04597741806729094, 'z': 0.0949740942612623}"
1752791308.1510785,"{'x': 0.08284365094099808, 'y': 0.045647888289490623, 'z': 0.09486364967299638}"
1752791308.2015939,"{'x': 0.08280156226481845, 'y': 0.0454064198843076, 'z': 0.09453282437391325}"
1752791308.2522454,"{'x': 0.08283167347568797, 'y': 0.04512321453682522, 'z': 0.09412631766679869}"
1752791308.3027117,"{'x': 0.08289641256215512, 'y': 0.04495210638887326, 'z': 0.09371430197412328}"
1752791308.3528829,"{'x': 0.08279839160589002, 'y': 0.04489612154584044, 'z': 0.09346996310838951}"
1752791308.4033072,"{'x': 0.08267684654432948, 'y': 0.04485351239606994, 'z': 0.09322950281923875}"
1752791308.4536176,"{'x': 0.0826155143343995, 'y': 0.04493050112842123, 'z': 0.09324945208532376}"
1752791308.5038023,"{'x': 0.08250312590294451, 'y': 0.04473912628033061, 'z': 0.09300071601430632}"
1752791308.5539641,"{'x': 0.08217356691407945, 'y': 0.04472598051379151, 'z': 0.09317430697326684}"
1752791308.604387,"{'x': 0.08157929588727801, 'y': 0.04515642096018346, 'z': 0.09372487638233928}"
1752791308.6545036,"{'x': 0.0808850299234648, 'y': 0.04524210573480525, 'z': 0.09406251943897248}"
1752791308.7049258,"{'x': 0.07989904134384385, 'y': 0.045476409709017784, 'z': 0.09395390398843484}"
1752791308.7552135,"{'x': 0.0788690505372489, 'y': 0.04565086695285003, 'z': 0.09384163165163928}"
1752791308.8054595,"{'x': 0.07776500309756786, 'y': 0.045762063820664056, 'z': 0.093666252655011}"
1752791308.8558598,"{'x': 0.07678493544613915, 'y': 0.045775976761397774, 'z': 0.09346026992132211}"
1752791308.9061508,"{'x': 0.07560773022002254, 'y': 0.04600698788365143, 'z': 0.09339279123982647}"
1752791308.956363,"{'x': 0.07485511087195293, 'y': 0.04593259094165181, 'z': 0.09319947388112065}"
1752791309.0066485,"{'x': 0.07408570913288604, 'y': 0.04582349175678213, 'z': 0.09324779641694436}"
1752791309.0569706,"{'x': 0.07376783461453958, 'y': 0.04543196264430471, 'z': 0.09354309918676046}"
1752791309.1072452,"{'x': 0.0737504871660086, 'y': 0.04503740677078005, 'z': 0.09368810117659437}"
1752791309.1575372,"{'x': 0.0741096393351309, 'y': 0.04448395514431436, 'z': 0.09393850828958783}"
1752791309.2077293,"{'x': 0.07442375519313463, 'y': 0.044100128480240364, 'z': 0.09388030918158768}"
1752791309.2580938,"{'x': 0.07554939186433451, 'y': 0.04327561623982701, 'z': 0.09431300420057437}"
1752791309.3082135,"{'x': 0.07667633933866153, 'y': 0.04257143113341799, 'z': 0.09427535815897936}"
1752791309.3583355,"{'x': 0.07767323475843961, 'y': 0.04201300650095641, 'z': 0.09441370574882729}"
1752791309.4085295,"{'x': 0.07879614243752786, 'y': 0.04133918896402111, 'z': 0.09430283042124077}"
1752791309.4587603,"{'x': 1.0801318079749533, 'y': -0.9595441696929082, 'z': 0.09410699007166579}"
1752791309.508946,"{'x': 1.080854115337105, 'y': -0.9601387281962159, 'z': 0.09376079791500164}"
1752791309.559111,"{'x': 1.0814254794721478, 'y': -0.9602444304766469, 'z': 0.09447981267105782}"
1752791309.6092772,"{'x': 1.080299655205001, 'y': -0.9591091620628439, 'z': 0.09587089595696674}"
1752791309.6595218,"{'x': 1.0750185390101232, 'y': -0.9551351631549727, 'z': 0.09768439691003289}"
1752791309.7098057,"{'x': 1.066245958054679, 'y': -0.9488626044707001, 'z': 0.09952587456762979}"
1752791309.7601743,"{'x': 1.053367700038654, 'y': -0.939350400265143, 'z': 0.10190202547323834}"
1752791309.8108118,"{'x': 1.0365304982763122, 'y': -0.9268686388404767, 'z': 0.10515534487309297}"
1752791309.8610246,"{'x': 1.016279461873312, 'y': -0.9117760704819635, 'z': 0.10837855121664514}"
1752791309.9112284,"{'x': 0.9933833569312164, 'y': -0.8948558732584633, 'z': 0.11132732247289073}"
1752791309.9614584,"{'x': 0.9681870556659072, 'y': -0.8760795710517046, 'z': 0.11392612168200739}"
1752791310.011709,"{'x': 0.9420787697055449, 'y': -0.8565014848211857, 'z': 0.11579813600853861}"
1752791310.0620184,"{'x': 0.9150028621274578, 'y': -0.8364409831685742, 'z': 0.11622659215080272}"
1752791310.112602,"{'x': 0.888155626853053, 'y': -0.8167537636847921, 'z': 0.11572044735636278}"
1752791310.1631024,"{'x': 0.8617553809673706, 'y': -0.7974903203078016, 'z': 0.11418197278975745}"
1752791310.2135339,"{'x': 0.836170936602057, 'y': -0.7788760680822475, 'z': 0.11197122283754296}"
1752791310.263739,"{'x': 0.8110083481101195, 'y': -0.7611569663763784, 'z': 0.10915634335627677}"
1752791310.3138983,"{'x': 0.786325323382593, 'y': -0.7441374262284459, 'z': 0.10624561267163118}"
1752791310.3640416,"{'x': 0.7618764292841033, 'y': -0.7278140915127166, 'z': 0.10283046430341547}"
1752791310.4143379,"{'x': 0.7381367564803627, 'y': -0.7124693138009455, 'z': 0.09970504739758446}"
1752791310.464626,"{'x': 0.7145291368014859, 'y': -0.6975637505667703, 'z': 0.09653585207261012}"
1752791310.5150142,"{'x': 0.6912471153889206, 'y': -0.6834593138168532, 'z': 0.09385092389418603}"
1752791310.5655193,"{'x': 0.6684669352713468, 'y': -0.6695197922541065, 'z': 0.0913765297050444}"
1752791310.6157138,"{'x': 0.64605073356198, 'y': -0.6557731092835758, 'z': 0.08939592511766825}"
1752791310.6659408,"{'x': 0.623954514794653, 'y': -0.6424475452018927, 'z': 0.0877648141600697}"
1752791310.7166023,"{'x': 0.6026615172641481, 'y': -0.629024368619472, 'z': 0.0864033628289348}"
1752791310.767057,"{'x': 0.5820583963183137, 'y': -0.615647324615513, 'z': 0.08572607736287396}"
1752791310.8172545,"{'x': 0.5621459835093674, 'y': -0.6024445364825665, 'z': 0.08516066309124404}"
1752791310.8675253,"{'x': 0.5428292818039151, 'y': -0.5886455223877116, 'z': 0.08488701074641547}"
1752791310.9178789,"{'x': 0.5246115831815633, 'y': -0.5750167808994033, 'z': 0.08481030983370291}"
1752791310.9680939,"{'x': 0.5069449941232927, 'y': -0.5611686768953618, 'z': 0.08504678267840216}"
1752791311.0183296,"{'x': 0.48657697522731225, 'y': -0.5440219552454526, 'z': 0.08543610944430885}"
1752791311.0685394,"{'x': 0.47053114050374156, 'y': -0.5296050532426372, 'z': 0.08549697904760839}"
1752791311.1187189,"{'x': 0.4554803582261481, 'y': -0.514809240478772, 'z': 0.08602383249823098}"
1752791311.1689384,"{'x': 0.44085595253111043, 'y': -0.5001596334889198, 'z': 0.08611435240628978}"
1752791311.219252,"{'x': 0.42693640527990917, 'y': -0.4854083601797919, 'z': 0.08651621525406711}"
1752791311.269572,"{'x': 0.4133301050410906, 'y': -0.4709934066531836, 'z': 0.08642783473689342}"
1752791311.319889,"{'x': 0.4002268977968557, 'y': -0.4567377067939417, 'z': 0.08645516080130283}"
1752791311.370084,"{'x': 0.38753124494180524, 'y': -0.44290401191667217, 'z': 0.0866010102853303}"
1752791311.420321,"{'x': 0.37465685374445734, 'y': -0.4287818908260468, 'z': 0.0867259962037269}"
1752791311.4704797,"{'x': 0.361598370791411, 'y': -0.4156309401320144, 'z': 0.08660149459549604}"
1752791311.5206537,"{'x': 0.349191188918871, 'y': -0.4026483046629974, 'z': 0.08691996356603143}"
1752791311.570803,"{'x': 0.33662687490406706, 'y': -0.39017184577293246, 'z': 0.08731936021882947}"
1752791311.6209793,"{'x': 0.3242006474271033, 'y': -0.3780360633984546, 'z': 0.08759211830369307}"
1752791311.6711268,"{'x': 0.31128144159731075, 'y': -0.366144356280739, 'z': 0.08735253246916813}"
1752791311.7214358,"{'x': 0.29908903311852475, 'y': -0.3551384037230145, 'z': 0.08792277438753093}"
1752791311.7717311,"{'x': 0.2867002281800173, 'y': -0.344250829442886, 'z': 0.08834482691474971}"
1752791311.8220341,"{'x': 0.2743336488620265, 'y': -0.33381165407837055, 'z': 0.08848462139539814}"
1752791311.8722866,"{'x': 0.2624607673512628, 'y': -0.3237956568910962, 'z': 0.08913925026932934}"
1752791311.9228754,"{'x': 0.2509976848813117, 'y': -0.31370848798250234, 'z': 0.0898548936377565}"
1752791311.9733386,"{'x': 0.23967693104636845, 'y': -0.3040105785167174, 'z': 0.09029236537929236}"
1752791312.0238576,"{'x': 0.2291780052989949, 'y': -0.29472582926786484, 'z': 0.0913116847924389}"
1752791312.0740905,"{'x': 0.21802020545563916, 'y': -0.28552867508687935, 'z': 0.09167552202351414}"
1752791312.1242867,"{'x': 0.2077934651779575, 'y': -0.2763463112453571, 'z': 0.09200820885404715}"
1752791312.1747136,"{'x': 0.19781913489631797, 'y': -0.26747222280393285, 'z': 0.09298465659561395}"
1752791312.2250543,"{'x': 0.18837630946413253, 'y': -0.25837724573473664, 'z': 0.09304699302312708}"
1752791312.2752311,"{'x': 0.17933141127175511, 'y': -0.24965378225957593, 'z': 0.09360937254821766}"
1752791312.325434,"{'x': 0.17033521438684307, 'y': -0.24143642982445268, 'z': 0.09419024674834192}"
1752791312.375611,"{'x': 0.16211848671839713, 'y': -0.23297265372447504, 'z': 0.0944853705279955}"
1752791312.4258168,"{'x': 0.15452808321487477, 'y': -0.2248764331062068, 'z': 0.0955832918417005}"
1752791312.4761214,"{'x': 0.14585366288938872, 'y': -0.21735873115249274, 'z': 0.09597506522671173}"
1752791312.5263522,"{'x': 0.13781508555838173, 'y': -0.2092091491297486, 'z': 0.09643599407023934}"
1752791312.576611,"{'x': 0.12824623738311514, 'y': -0.20061984867619148, 'z': 0.09657667236012168}"
1752791312.6268554,"{'x': 0.12122078078056098, 'y': -0.1938852763578862, 'z': 0.09721830040862228}"
1752791312.6773171,"{'x': 0.1153038027222898, 'y': -0.18687522043515775, 'z': 0.09740293341352302}"
1752791312.7277856,"{'x': 0.10939575404577051, 'y': -0.18044118921418062, 'z': 0.09714051355520797}"
1752791312.7781422,"{'x': 0.10436312897944622, 'y': -0.17379307584475154, 'z': 0.09738549252757622}"
1752791312.8285544,"{'x': 0.09977087370241089, 'y': -0.16813092780468744, 'z': 0.09695077009239933}"
1752791312.8788078,"{'x': 0.09623595683241992, 'y': -0.16153185733052738, 'z': 0.09712544273403956}"
1752791312.9290562,"{'x': 0.09285439858086753, 'y': -0.1558538297104148, 'z': 0.09718975256402046}"
1752791312.9792638,"{'x': 0.0897765408071497, 'y': -0.15029944889137914, 'z': 0.09736794976172064}"
1752791313.0294733,"{'x': 0.08748679936634185, 'y': -0.14446833800103911, 'z': 0.09753340621848094}"
1752791313.0796852,"{'x': 0.08479801629759198, 'y': -0.13947118953903806, 'z': 0.09787789668694624}"
1752791313.1299088,"{'x': 0.08218372581548727, 'y': -0.1343885052234884, 'z': 0.09796295514883535}"
1752791313.1802301,"{'x': 0.0802094189910939, 'y': -0.13002786334341562, 'z': 0.09808320412927213}"
1752791313.2304614,"{'x': 0.0773835873382187, 'y': -0.12589300562741354, 'z': 0.09782621608735381}"
1752791313.2806756,"{'x': 0.07564097605484521, 'y': -0.12330074097750605, 'z': 0.09830000357640556}"
1752791313.3309236,"{'x': 0.07298794462058378, 'y': -0.12100110892969783, 'z': 0.0978863049216222}"
1752791313.38114,"{'x': 0.0709833014562542, 'y': -0.11969458905952546, 'z': 0.09812298319318902}"
1752791313.4313138,"{'x': 0.06853805985043027, 'y': -0.11866782886997944, 'z': 0.09822981106712009}"
1752791313.4814541,"{'x': 0.06650652624484565, 'y': -0.11819787320724737, 'z': 0.0985105196660307}"
1752791313.531626,"{'x': 0.06434479770675894, 'y': -0.11824969990290013, 'z': 0.09889980838485529}"
1752791313.5818105,"{'x': 0.06228827995949737, 'y': -0.11863145002786123, 'z': 0.09858988921010148}"
1752791313.6321838,"{'x': 0.06011394837632156, 'y': -0.11863759076183684, 'z': 0.09885075744068172}"
1752791313.6823826,"{'x': 0.05841465331077533, 'y': -0.11890868635215181, 'z': 0.09889901073713064}"
1752791313.7325852,"{'x': 0.05654264629492922, 'y': -0.11888809041553806, 'z': 0.09889157014754418}"
1752791313.782921,"{'x': 0.05466572616848364, 'y': -0.11875486362937297, 'z': 0.09901003895411342}"
1752791313.8333519,"{'x': 0.05357221243700683, 'y': -0.1183955649045936, 'z': 0.09908221053926974}"
1752791313.8838642,"{'x': 0.05199098180562567, 'y': -0.11775705764397264, 'z': 0.09903577289647814}"
1752791313.9341493,"{'x': 0.051216045956422374, 'y': -0.1170089084924403, 'z': 0.09897917753765945}"
1752791313.984389,"{'x': 0.049675056060467404, 'y': -0.11543479033401487, 'z': 0.09839750960986188}"
1752791314.0349863,"{'x': 0.048749583563904686, 'y': -0.11434934502644324, 'z': 0.09788149422943238}"
1752791314.0854046,"{'x': 0.047848383719939824, 'y': -0.11304078248493914, 'z': 0.09736132417292681}"
1752791314.135669,"{'x': 0.04741622969252535, 'y': -0.11202327460213954, 'z': 0.09706078756055014}"
1752791314.1859167,"{'x': 0.04672616640799998, 'y': -0.1106672495374027, 'z': 0.09673016889188063}"
1752791314.2361426,"{'x': 0.04589332325120121, 'y': -0.10951290320697, 'z': 0.09627187904004497}"
1752791314.2865686,"{'x': 0.04565190465059499, 'y': -0.10838889051770167, 'z': 0.09619047436769051}"
1752791314.336998,"{'x': 0.04498764945449951, 'y': -0.10733795529549492, 'z': 0.09580380482215334}"
1752791314.387271,"{'x': 0.04430230384624079, 'y': -0.10649638530908175, 'z': 0.09562888870036929}"
1752791314.4376338,"{'x': 0.044158569153700644, 'y': -0.1064221806808892, 'z': 0.0959029645050185}"
1752791314.4878953,"{'x': 0.043559985464095785, 'y': -0.1055668987292745, 'z': 0.09600777711543002}"
1752791314.5386183,"{'x': 0.042923850715824496, 'y': -0.10519746000110886, 'z': 0.09602035859167085}"
1752791314.5891283,"{'x': 0.042417228190575695, 'y': -0.10492959425923734, 'z': 0.09595978837760044}"
1752791314.639455,"{'x': 0.04195556529647915, 'y': -0.104864639236386, 'z': 0.09599389425136906}"
1752791314.6897016,"{'x': 0.04139653430653234, 'y': -0.10491233588110824, 'z': 0.09576121728013365}"
1752791314.7399457,"{'x': 0.041082750028987536, 'y': -0.10520087195712143, 'z': 0.09587458940301702}"
1752791314.7903082,"{'x': 0.040797909737525284, 'y': -0.1054839444335239, 'z': 0.09574542749941023}"
1752791314.840572,"{'x': 0.04054716879104081, 'y': -0.10569449825301143, 'z': 0.09553014257682002}"
1752791314.8909369,"{'x': 0.040332613395140604, 'y': -0.10589406210246241, 'z': 0.09546760344197397}"
1752791314.9412942,"{'x': 0.03982521461708155, 'y': -0.10611005258966709, 'z': 0.09539810985888109}"
1752791314.9916847,"{'x': 0.03945966340748852, 'y': -0.10600435441972275, 'z': 0.09512809829579055}"
1752791315.0420785,"{'x': 0.03925954688081845, 'y': -0.10589548115372918, 'z': 0.09521064955773789}"
1752791315.0923467,"{'x': 0.03891711069923498, 'y': -0.10540866223109213, 'z': 0.09486064716560638}"
1752791315.142612,"{'x': 0.03805261386459391, 'y': -0.1044695882539444, 'z': 0.09459356377981842}"
1752791315.192957,"{'x': 0.037403270705749, 'y': -0.10338671062326134, 'z': 0.09434427454693389}"
1752791315.243205,"{'x': 0.03724660573123684, 'y': -0.10201799550437278, 'z': 0.09497695199268541}"
1752791315.2934413,"{'x': 0.03683117148589865, 'y': -0.10078610778535578, 'z': 0.0948983998492205}"
1752791315.343671,"{'x': 0.03607625516588209, 'y': -0.09917931803079502, 'z': 0.09493578160623856}"
1752791315.3938553,"{'x': 0.035338031859632135, 'y': -0.09763500454814256, 'z': 0.09489350080106979}"
1752791315.4442258,"{'x': 0.034413592060810405, 'y': -0.0960572672650773, 'z': 0.09517850083565749}"
1752791315.4943888,"{'x': 0.03369639136341285, 'y': -0.0946476215430233, 'z': 0.09497097628654216}"
1752791315.54448,"{'x': 0.032954949100150066, 'y': -0.093404658600754, 'z': 0.09520909768098307}"
1752791315.5946553,"{'x': 0.03221038231029005, 'y': -0.09260150042932247, 'z': 0.09522255723313083}"
1752791315.6448696,"{'x': 0.031972809163805516, 'y': -0.09237086546779417, 'z': 0.0954200130642121}"
1752791315.695173,"{'x': 0.03183370270648733, 'y': -0.0923315062861093, 'z': 0.09548682215126314}"
1752791315.7454495,"{'x': 0.03154904270004577, 'y': -0.09240260909176377, 'z': 0.09553365654749829}"
1752791315.7956429,"{'x': 0.031339609687968784, 'y': -0.0925824095243956, 'z': 0.09568642900100022}"
1752791315.845853,"{'x': 0.03102337838916358, 'y': -0.09292662028144309, 'z': 0.09611508300665739}"
1752791315.8961067,"{'x': 0.030866921699508776, 'y': -0.09314158231805149, 'z': 0.09639897299069855}"
1752791315.946339,"{'x': 0.030766833856078035, 'y': -0.09344115809358584, 'z': 0.09656579714269609}"
1752791315.996702,"{'x': 0.030746876008678203, 'y': -0.09380701987870173, 'z': 0.09694821687237154}"
1752791316.0468886,"{'x': 0.0305159929918295, 'y': -0.0937940103622016, 'z': 0.09701111395781553}"
1752791316.0970733,"{'x': 0.030420911895318814, 'y': -0.09371964919017882, 'z': 0.09717361098622912}"
1752791316.14726,"{'x': 0.029914979687253984, 'y': -0.09312105547226905, 'z': 0.09732833058485563}"
1752791316.1974788,"{'x': 0.029881070974387303, 'y': -0.09265614580936037, 'z': 0.09730432899573471}"
1752791316.2476547,"{'x': 0.02950762967908882, 'y': -0.09178672182935771, 'z': 0.09709788832918298}"
1752791316.2979844,"{'x': 0.029335501706160838, 'y': -0.09111136888580007, 'z': 0.09702276190177345}"
1752791316.3488317,"{'x': 0.028658473490387304, 'y': -0.08996264303372943, 'z': 0.09684202830812849}"
1752791316.399149,"{'x': 0.028612318668858827, 'y': -0.08906423142605466, 'z': 0.0970251742862896}"
1752791316.4493766,"{'x': 0.028122562806352724, 'y': -0.08820199391954453, 'z': 0.09692279055744019}"
1752791316.499678,"{'x': 0.02808626075025389, 'y': -0.08740075260288446, 'z': 0.09680294471896617}"
1752791316.5499392,"{'x': 0.027579825230616195, 'y': -0.0867040653210073, 'z': 0.09684890703245191}"
1752791316.60039,"{'x': 0.027492549021728485, 'y': -0.08645941876779284, 'z': 0.09636297256130155}"
1752791316.6508472,"{'x': 0.02732093575636052, 'y': -0.08646323222805621, 'z': 0.09609772816195955}"
1752791316.7011929,"{'x': 0.026891667992260615, 'y': -0.08796281711103134, 'z': 0.09567823183794655}"
1752791316.7513943,"{'x': 0.026897825690635924, 'y': -0.0883922034096523, 'z': 0.09546579252984982}"
1752791316.801691,"{'x': 0.027164466622548122, 'y': -0.08791508307115589, 'z': 0.0955273500957573}"
1752791316.8519168,"{'x': 0.027323426241699922, 'y': -0.0884903843132111, 'z': 0.09526770195731227}"
1752791316.902426,"{'x': 0.027567753842129172, 'y': -0.08933171536283398, 'z': 0.09548946675581421}"
1752791316.9526289,"{'x': 0.02785125434592417, 'y': -0.09034737128276402, 'z': 0.095801026027096}"
1752791317.0028427,"{'x': 0.027985655852843294, 'y': -0.0911306209436956, 'z': 0.0960969670633352}"
1752791317.0530145,"{'x': 0.028399028563460993, 'y': -0.09184414766600946, 'z': 0.09660273035292016}"
1752791317.1031682,"{'x': 0.028306326127600423, 'y': -0.09238315465262993, 'z': 0.0969997476135569}"
1752791317.1533318,"{'x': 0.028547250735554197, 'y': -0.09261964289461899, 'z': 0.0977179686860642}"
1752791317.2034614,"{'x': 0.02853893606179425, 'y': -0.09258228319064765, 'z': 0.09819276272715105}"
1752791317.2536259,"{'x': 0.028712495646093128, 'y': -0.09194390359651115, 'z': 0.09876511223500595}"
1752791317.303846,"{'x': 0.028283328069405922, 'y': -0.09156147851257183, 'z': 0.09865110573906677}"
1752791317.3540525,"{'x': 0.027911909627115206, 'y': -0.09068313027259894, 'z': 0.09887492593762082}"
1752791317.4042537,"{'x': 0.027685798585474708, 'y': -0.08926777959956891, 'z': 0.09926730164118086}"
1752791317.454473,"{'x': 0.02715254680322754, 'y': -0.08798091230753727, 'z': 0.09924954514575252}"
1752791317.5046756,"{'x': 0.026857433290869648, 'y': -0.08682489363456453, 'z': 0.0992666243275403}"
1752791317.554835,"{'x': 0.02677360291742914, 'y': -0.08558732120289017, 'z': 0.09924898703952734}"
1752791317.604969,"{'x': 0.026363866354654264, 'y': -0.08455832402055444, 'z': 0.09906696247990959}"
1752791317.6552086,"{'x': 0.026279622150083837, 'y': -0.0842351333601057, 'z': 0.09887045591365368}"
1752791317.7054868,"{'x': 0.026014201668829395, 'y': -0.08393790771717886, 'z': 0.09823406889552683}"
1752791317.7557814,"{'x': 0.025967997160703638, 'y': -0.08398806605481463, 'z': 0.09770571035923309}"
1752791317.8061588,"{'x': 0.02627511927228321, 'y': -0.08433732194453364, 'z': 0.09726160497441788}"
1752791317.8563652,"{'x': 0.026294156398001034, 'y': -0.08497961880500486, 'z': 0.09666512219863571}"
1752791317.9066484,"{'x': 0.027054781467195088, 'y': -0.0858618078206032, 'z': 0.09628543747233359}"
1752791317.9569106,"{'x': 0.027463865001071563, 'y': -0.08720068908951976, 'z': 0.09632011295582227}"
1752791318.0071986,"{'x': 0.028102756329046574, 'y': -0.08857906687120613, 'z': 0.09661650482926665}"
1752791318.057492,"{'x': 0.028275854188198224, 'y': -0.08984008540859198, 'z': 0.09640558252543457}"
1752791318.1077685,"{'x': 0.028408325439680193, 'y': -0.09103105212013872, 'z': 0.09652911765082817}"
1752791318.157942,"{'x': 0.02902411038312902, 'y': -0.09180719991218636, 'z': 0.09665977069527903}"
1752791318.2081573,"{'x': 0.029246884363415493, 'y': -0.09266047033308333, 'z': 0.09674158848800929}"
1752791318.258281,"{'x': 0.029415944890048618, 'y': -0.09312558142983339, 'z': 0.09666144714021108}"
1752791318.308435,"{'x': 0.02956750059902402, 'y': -0.0930939918281672, 'z': 0.09658661249625577}"
1752791318.358593,"{'x': 0.029353238187065367, 'y': -0.09295963756502383, 'z': 0.09652235199079467}"
1752791318.408737,"{'x': 0.029344281194571442, 'y': -0.09215430327068848, 'z': 0.09666721227768549}"
1752791318.4589348,"{'x': 0.029161869076675506, 'y': -0.09127342900657076, 'z': 0.09671864517662698}"
1752791318.5091364,"{'x': 0.028576052803883534, 'y': -0.09017378320836245, 'z': 0.09659119912806924}"
1752791318.5593536,"{'x': 0.02837052681116914, 'y': -0.08893350467109142, 'z': 0.09712199598736565}"
1752791318.609563,"{'x': 0.02787146007229291, 'y': -0.08764656707113977, 'z': 0.09753630059608309}"
1752791318.6597695,"{'x': 0.02731484035899223, 'y': -0.08656046344987968, 'z': 0.09809594043569242}"
1752791318.7101517,"{'x': 0.026845303482379124, 'y': -0.08519662650583996, 'z': 0.09882382779824384}"
1752791318.7603874,"{'x': 0.02637823187963384, 'y': -0.08426071301226441, 'z': 0.09947530566570839}"
1752791318.8106983,"{'x': 0.025986395633703974, 'y': -0.08354173702793186, 'z': 0.09982274405821634}"
1752791318.8608952,"{'x': 0.02592266393227871, 'y': -0.08340330545408367, 'z': 0.09992974966391022}"
1752791318.9113364,"{'x': 0.02599610797926366, 'y': -0.08329653820805855, 'z': 0.10010142938252309}"
1752791318.9616442,"{'x': 0.025484505755835163, 'y': -0.084675235593563, 'z': 0.10032124000416476}"
1752791319.0121694,"{'x': 0.026383516380813044, 'y': -0.0837355161893675, 'z': 0.1000456108394906}"
1752791319.0624683,"{'x': 0.026581253343678557, 'y': -0.08428290778603663, 'z': 0.09968800433460784}"
1752791319.112651,"{'x': 0.026732033306642533, 'y': -0.08490287092065252, 'z': 0.09936513607656994}"
1752791319.162911,"{'x': 0.02746812235254048, 'y': -0.08550684832398424, 'z': 0.0993870334464787}"
1752791319.2131124,"{'x': 0.02765835191850463, 'y': -0.08618508604446212, 'z': 0.09907099248775098}"
1752791319.2632976,"{'x': 0.02802536859200222, 'y': -0.08673107508442482, 'z': 0.0987939325827365}"
1752791319.3135164,"{'x': 0.02825712091125987, 'y': -0.08711539822886633, 'z': 0.09856650674688666}"
1752791319.3638237,"{'x': 0.028198541071060568, 'y': -0.08724553173011906, 'z': 0.09843141791069693}"
1752791319.4140346,"{'x': 0.0277905529794642, 'y': -0.08859818770345823, 'z': 0.09809056165467345}"
1752791319.464335,"{'x': 0.0277206145401786, 'y': -0.08824973971913766, 'z': 0.09814468450441771}"
1752791319.5145483,"{'x': 0.02745437194243161, 'y': -0.0876480503334158, 'z': 0.09775209664784795}"
1752791319.5648878,"{'x': 0.026437119968680478, 'y': -0.08620420069759052, 'z': 0.09826046905213981}"
1752791319.6152742,"{'x': 0.02616392674422574, 'y': -0.0856175163311257, 'z': 0.09874944790566836}"
1752791319.665417,"{'x': 0.02529583516992928, 'y': -0.08453170467321304, 'z': 0.09919343147802717}"
1752791319.7155972,"{'x': 0.02493117368219533, 'y': -0.08408590986235179, 'z': 0.09953734978439249}"
1752791319.765781,"{'x': 0.02400433908394284, 'y': -0.08338204428725668, 'z': 0.09965758385262419}"
1752791319.8161545,"{'x': 0.023673572373411722, 'y': -0.08260029180635814, 'z': 0.09978000589110642}"
1752791319.8666217,"{'x': 0.023202738005762225, 'y': -0.0820935886008642, 'z': 0.09998287167561898}"
1752791319.9168582,"{'x': 0.022963769108474974, 'y': -0.08148155705129521, 'z': 0.09988204929921574}"
1752791319.9671588,"{'x': 0.02301171249341205, 'y': -0.08117812251607112, 'z': 0.09966894823353334}"
1752791320.0174692,"{'x': 0.02268059013094037, 'y': -0.08114053224276625, 'z': 0.09973513137332568}"
1752791320.0677748,"{'x': 0.022620202301202874, 'y': -0.08126080933800878, 'z': 0.09956381419254229}"
1752791320.118066,"{'x': 0.02258369440124386, 'y': -0.08154741427371116, 'z': 0.09951441677244788}"
1752791320.1684587,"{'x': 0.02272881409107197, 'y': -0.08195375238659912, 'z': 0.09947227673180992}"
1752791320.219053,"{'x': 0.023072242296025225, 'y': -0.0829520079542479, 'z': 0.09930069767395927}"
1752791320.269325,"{'x': 0.023229549448216535, 'y': -0.0838344837288929, 'z': 0.09897230889430275}"
1752791320.3194888,"{'x': 0.023208419620535548, 'y': -0.08427204140228392, 'z': 0.09881137371076609}"
1752791320.3697915,"{'x': 0.023255541098977206, 'y': -0.08512747713323471, 'z': 0.09836774457873765}"
1752791320.4199946,"{'x': 0.023190817122627605, 'y': -0.08588190885005816, 'z': 0.0979492598511163}"
1752791320.470158,"{'x': 0.023103757806339664, 'y': -0.08658977392151172, 'z': 0.09779045400401376}"
1752791320.520315,"{'x': 0.023478850164723175, 'y': -0.08747627483056455, 'z': 0.09705673153373473}"
1752791320.5704517,"{'x': 0.02334364059110028, 'y': -0.08775498722660505, 'z': 0.09658070745301545}"
1752791320.6205862,"{'x': 0.023018472094673448, 'y': -0.08812332830071613, 'z': 0.09626977888293159}"
1752791320.6707816,"{'x': 0.02286546853279392, 'y': -0.0881589442181944, 'z': 0.09606873601137533}"
1752791320.721155,"{'x': 0.022631985598683402, 'y': -0.08818936923362192, 'z': 0.09586498935723675}"
1752791320.7714276,"{'x': 0.022651637719662054, 'y': -0.08808123320749349, 'z': 0.09545264993483649}"
1752791320.8216648,"{'x': 0.022291575850435286, 'y': -0.08796465699826779, 'z': 0.09532464258934298}"
1752791320.8719378,"{'x': 0.022034724991647048, 'y': -0.087585299106439, 'z': 0.09517798815253092}"
1752791320.9222925,"{'x': 0.02180877981341456, 'y': -0.08724890268575873, 'z': 0.09511599854904879}"
1752791320.9726152,"{'x': 0.021623402186445095, 'y': -0.08701524548523668, 'z': 0.09530575250705087}"
1752791321.0229094,"{'x': 0.021246232667330722, 'y': -0.08671650678912846, 'z': 0.09506892615462986}"
1752791321.0733404,"{'x': 0.02106078765481445, 'y': -0.08669655527501932, 'z': 0.09510144144230337}"
1752791321.1237812,"{'x': 0.020829069117906496, 'y': -0.08684542518986979, 'z': 0.09519838752060494}"
1752791321.1742208,"{'x': 0.020491670768430836, 'y': -0.08720463597279524, 'z': 0.0952936528868858}"
1752791321.224874,"{'x': 0.02030253983485819, 'y': -0.08767920605980915, 'z': 0.09540680539624868}"
1752791321.2751784,"{'x': 0.020122121424838157, 'y': -0.08883677623752922, 'z': 0.09558614466963689}"
1752791321.3254826,"{'x': 0.019845552709903846, 'y': -0.08972538761629911, 'z': 0.09570664045006738}"
1752791321.3757157,"{'x': 0.019539507468700035, 'y': -0.09086891276324942, 'z': 0.09580414647331975}"
1752791321.425929,"{'x': 0.0193372713586466, 'y': -0.0921328703305135, 'z': 0.09579885203621474}"
1752791321.476091,"{'x': 0.019324328115303935, 'y': -0.09324535775343547, 'z': 0.09600735520142983}"
1752791321.5262463,"{'x': 0.01916695494346532, 'y': -0.09433287450649055, 'z': 0.09605537775203726}"
1752791321.576443,"{'x': 0.018582402698459455, 'y': -0.09673516442860795, 'z': 0.09665279607229743}"
1752791321.6266112,"{'x': 0.018675796637681263, 'y': -0.09738299570711578, 'z': 0.09644026740977002}"
1752791321.676826,"{'x': 0.018400244651834097, 'y': -0.0978845506937207, 'z': 0.09672229890517464}"
1752791321.7269745,"{'x': 0.01805169728649192, 'y': -0.0968425398232655, 'z': 0.09693974985070941}"
1752791321.7770672,"{'x': 0.01772471135376974, 'y': -0.09684141684770418, 'z': 0.09726834935607614}"
1752791321.8272393,"{'x': 0.017552182296016516, 'y': -0.09659460935215439, 'z': 0.09751998848585958}"
1752791321.8775904,"{'x': 0.01782185327853647, 'y': -0.09630484738876094, 'z': 0.09772983320037643}"
1752791321.9279506,"{'x': 0.017759858960792352, 'y': -0.0958245690445533, 'z': 0.09792544592302405}"
1752791321.9781773,"{'x': 0.017696321366969747, 'y': -0.09500869076678066, 'z': 0.09777141327927019}"
1752791322.028424,"{'x': 0.017561366837378856, 'y': -0.09445558442278956, 'z': 0.09751687096243677}"
1752791322.0786002,"{'x': 0.017575660498978518, 'y': -0.0939766703707761, 'z': 0.09756839266792483}"
1752791322.1287556,"{'x': 0.017669434745946955, 'y': -0.09369442748357143, 'z': 0.09743939371921156}"
1752791322.1788907,"{'x': 0.01775290371294236, 'y': -0.09395860351771197, 'z': 0.0972562509053514}"
1752791322.2290113,"{'x': 0.017950127136788008, 'y': -0.09401685714261745, 'z': 0.09726745644435564}"
1752791322.279131,"{'x': 0.018068268604162663, 'y': -0.09454824255871964, 'z': 0.09706855637581097}"
1752791322.3292546,"{'x': 0.01837097507193164, 'y': -0.09548033148463904, 'z': 0.09708903660205515}"
1752791322.379578,"{'x': 0.018390406254166658, 'y': -0.09680670385831784, 'z': 0.09711574952980567}"
1752791322.4298942,"{'x': 0.018564409314035246, 'y': -0.09824569063162943, 'z': 0.09699573092952207}"
1752791322.4801009,"{'x': 0.01843014321495673, 'y': -0.0997218745511935, 'z': 0.0966143542619014}"
1752791322.5303113,"{'x': 0.01836608245157978, 'y': -0.10149322709297022, 'z': 0.0962247555302626}"
1752791322.5805323,"{'x': 0.018515338428366723, 'y': -0.10286762601354327, 'z': 0.09635385184357675}"
1752791322.6307309,"{'x': 0.01868839647389986, 'y': -0.10456084527978894, 'z': 0.09633614128130114}"
1752791322.680938,"{'x': 0.018701731629640395, 'y': -0.10573368527249145, 'z': 0.09582516665442747}"
1752791322.7314017,"{'x': 0.018419470672004334, 'y': -0.10684550335137953, 'z': 0.09593256371029657}"
1752791322.781652,"{'x': 0.017973640675741476, 'y': -0.10770496618625486, 'z': 0.09544515534086645}"
1752791322.8318489,"{'x': 0.017715949350483484, 'y': -0.10793932577175268, 'z': 0.09542985938371001}"
1752791322.8820198,"{'x': 0.017087887300916482, 'y': -0.10789860574341928, 'z': 0.09554665628819703}"
1752791322.9322584,"{'x': 0.016518843762945767, 'y': -0.10748280495769881, 'z': 0.0957619847525909}"
1752791322.9826221,"{'x': 0.015924902604806057, 'y': -0.10685570724731905, 'z': 0.09596447909699979}"
1752791323.0330133,"{'x': 0.015057491173675719, 'y': -0.10595488864644734, 'z': 0.0965694119004345}"
1752791323.0834174,"{'x': 0.014672179834607668, 'y': -0.10511391575671127, 'z': 0.09748076563746771}"
1752791323.1336958,"{'x': 0.014190893268201332, 'y': -0.10422389764314371, 'z': 0.09800641006739574}"
1752791323.184324,"{'x': 0.014029267925064204, 'y': -0.10339550794667078, 'z': 0.09925589077121816}"
1752791323.2348666,"{'x': 0.013726741930936148, 'y': -0.1027164083008443, 'z': 0.09958945358597832}"
1752791323.2856581,"{'x': 0.01300965293673595, 'y': -0.1017494398690596, 'z': 0.09943929438318455}"
1752791323.3360085,"{'x': 0.013236501483462892, 'y': -0.10141900803474473, 'z': 0.09960874062269498}"
1752791323.386301,"{'x': 0.012815783096300049, 'y': -0.10130609743137724, 'z': 0.09922913333362737}"
1752791323.436556,"{'x': 0.013163733433054658, 'y': -0.10122717705090192, 'z': 0.09911808310234571}"
1752791323.486798,"{'x': 0.012968680804602783, 'y': -0.10143745926172588, 'z': 0.09871793449553184}"
1752791323.5370185,"{'x': 0.013553554790503242, 'y': -0.10207150825320886, 'z': 0.09888243148158565}"
1752791323.5872478,"{'x': 0.014195407228852153, 'y': -0.10287554252812178, 'z': 0.09941254329104376}"
1752791323.6374617,"{'x': 0.01449063101361392, 'y': -0.10332739185311608, 'z': 0.09916808175511116}"
1752791323.6877778,"{'x': 0.014838058703166013, 'y': -0.10379397331890611, 'z': 0.09918645554442224}"
1752791323.7381136,"{'x': 0.01483144562616856, 'y': -0.10431994934998134, 'z': 0.09921774087646162}"
1752791323.7882557,"{'x': 0.014817334171822516, 'y': -0.1045770716958302, 'z': 0.0991450384822466}"
1752791323.8384705,"{'x': 0.014618782653809448, 'y': -0.10449279821083297, 'z': 0.09917379611257232}"
1752791323.8887072,"{'x': 0.014330047486574515, 'y': -0.10419416092422158, 'z': 0.09926531052696946}"
1752791323.9391751,"{'x': 0.013898699195599162, 'y': -0.10341089663654122, 'z': 0.09933884692324058}"
1752791323.9895272,"{'x': 0.013258538738519565, 'y': -0.10232056393352103, 'z': 0.0992082499707525}"
1752791324.0398455,"{'x': 0.012253814062699764, 'y': -0.10090784350590648, 'z': 0.09916973242602095}"
1752791324.090222,"{'x': 0.01132616389920349, 'y': -0.09915387492600594, 'z': 0.09947584903398826}"
1752791324.1407056,"{'x': 0.010624245069802751, 'y': -0.09763179061852038, 'z': 0.09963666211571487}"
1752791324.1911538,"{'x': 0.009953285938740675, 'y': -0.09614309265203844, 'z': 0.09975789724491563}"
1752791324.2414637,"{'x': 0.009100313743411581, 'y': -0.0945445291127953, 'z': 0.09956476268003289}"
1752791324.2917714,"{'x': 0.008017316983673806, 'y': -0.09460922799454743, 'z': 0.0992941812262359}"
1752791324.342234,"{'x': 0.007609471499814724, 'y': -0.09189265172254849, 'z': 0.09876540604066364}"
1752791324.3925745,"{'x': 0.007305668953229261, 'y': -0.09117953339470838, 'z': 0.09870968292090293}"
1752791324.442869,"{'x': 0.006485005808306243, 'y': -0.09050597777031341, 'z': 0.09872349998527702}"
1752791324.4931636,"{'x': 0.00639512171666512, 'y': 0.9096432685852641, 'z': 0.09866116704131195}"
1752791324.5435593,"{'x': 0.006411461363209914, 'y': 0.9097033020901444, 'z': 0.09878187384991871}"
1752791324.5937653,"{'x': 0.0070408533669403806, 'y': 0.9083314839875012, 'z': 0.0985619111084427}"
1752791324.6439106,"{'x': 0.007592177876076356, 'y': 0.9053557510614638, 'z': 0.0983527434558491}"
1752791324.6940856,"{'x': 0.008245856013122, 'y': 0.8990751285201323, 'z': 0.09842908617111101}"
1752791324.7443411,"{'x': 0.00943983758693423, 'y': 0.8895978455863578, 'z': 0.09930434091231438}"
1752791324.7945318,"{'x': 0.010974666772061714, 'y': 0.8764616507639174, 'z': 0.10011414768461102}"
1752791324.8446856,"{'x': 0.012324153668570315, 'y': 0.8598452608207341, 'z': 0.10121572707582016}"
1752791324.8948262,"{'x': 0.015359056327340359, 'y': 0.8409747575614239, 'z': 0.10302972326003723}"
1752791324.9451437,"{'x': 0.017412967225638454, 'y': 0.8198163277294876, 'z': 0.10449660199059951}"
1752791324.9953527,"{'x': 0.019827474072694362, 'y': 0.7969944068631498, 'z': 0.10435117624291418}"
1752791325.0458329,"{'x': 0.02258569880375505, 'y': 0.7730783120348004, 'z': 0.10700869235463323}"
1752791325.0962818,"{'x': 0.024455266740588733, 'y': 0.7490610356680285, 'z': 0.10680581481982193}"
1752791325.1465137,"{'x': 0.02706481107069103, 'y': 0.7249838653031264, 'z': 0.1072047393175734}"
1752791325.1968596,"{'x': 0.02899469246018105, 'y': 0.7016346751702545, 'z': 0.10682271906136825}"
1752791325.2472198,"{'x': 0.030483150006031745, 'y': 0.678900842369065, 'z': 0.10547108558565194}"
1752791325.297719,"{'x': 0.032649417731418606, 'y': 0.6576821906891193, 'z': 0.1039729385274169}"
1752791325.348351,"{'x': 0.03398478999584309, 'y': 0.6374612029388678, 'z': 0.10223037072000357}"
1752791325.3990028,"{'x': 0.03517711109684207, 'y': 0.6184172035914923, 'z': 0.09977966120030551}"
1752791325.4494119,"{'x': 0.03647585644983731, 'y': 0.6006483197896647, 'z': 0.09750046583928584}"
1752791325.5001733,"{'x': 0.0373021277026826, 'y': 0.5838349807379661, 'z': 0.0951042087307003}"
1752791325.5506663,"{'x': 0.03835840320785677, 'y': 0.5676880932828785, 'z': 0.09300638303873637}"
1752791325.6015584,"{'x': 0.03913570762811114, 'y': 0.5524537816553241, 'z': 0.0913544555650917}"
1752791325.6523583,"{'x': 0.039385285632364764, 'y': 0.5383334149406787, 'z': 0.09001558910423257}"
1752791325.7027056,"{'x': 0.04019357333428375, 'y': 0.5243723539384518, 'z': 0.08931276933390314}"
1752791325.7529957,"{'x': 0.0411771478955012, 'y': 0.5106266050729935, 'z': 0.08926285975366327}"
1752791325.8032355,"{'x': 0.0411602566559488, 'y': 0.49768831762596166, 'z': 0.08913283618375961}"
1752791325.853442,"{'x': 0.04199531366088061, 'y': 0.48230321982943225, 'z': 0.09015972331693489}"
1752791325.9035914,"{'x': 0.042711069308893124, 'y': 0.46998716490967984, 'z': 0.09143896155440684}"
1752791325.9537942,"{'x': 0.042633681739756346, 'y': 0.458724515307948, 'z': 0.09113712226471099}"
1752791326.00417,"{'x': 0.04337291979155755, 'y': 0.4451716618321947, 'z': 0.09273652966992407}"
1752791326.0545423,"{'x': 0.043942498179499245, 'y': 0.43306997637757216, 'z': 0.09362438774438275}"
1752791326.1047673,"{'x': 0.04439362144667569, 'y': 0.4210768522902024, 'z': 0.09495709590470164}"
1752791326.155227,"{'x': 0.04502137495967384, 'y': 0.40895568808935945, 'z': 0.09525118573103752}"
1752791326.2055347,"{'x': 0.045340130774856435, 'y': 0.39734505562937383, 'z': 0.09587668399995114}"
1752791326.255743,"{'x': 0.04598429428467965, 'y': 0.3852943418671434, 'z': 0.09641537483314444}"
1752791326.3060744,"{'x': 0.04642244774192483, 'y': 0.37358028341692817, 'z': 0.0967688315936816}"
1752791326.3563154,"{'x': 0.0470154938133871, 'y': 0.36201322144599446, 'z': 0.09722154477381623}"
1752791326.4066412,"{'x': 0.04736657290138868, 'y': 0.35057066312503826, 'z': 0.0974943690515302}"
1752791326.4569304,"{'x': 0.04768828738034403, 'y': 0.339511374146253, 'z': 0.09733209905379014}"
1752791326.5072236,"{'x': 0.04809931206963858, 'y': 0.3284162893932463, 'z': 0.09700685510405577}"
1752791326.55751,"{'x': 0.04833022572979795, 'y': 0.3181886802373173, 'z': 0.09648895085419518}"
1752791326.607813,"{'x': 0.0486074981073612, 'y': 0.30761334494006687, 'z': 0.09622980505699358}"
1752791326.6581047,"{'x': 0.04889626660465951, 'y': 0.29764915405761727, 'z': 0.0955525431146021}"
1752791326.7083309,"{'x': 0.04876134044632219, 'y': 0.28763144260119045, 'z': 0.09460450109428742}"
1752791326.758518,"{'x': 0.0492924077597533, 'y': 0.27851253654501007, 'z': 0.09470160695189611}"
1752791326.8089068,"{'x': 0.0494502615880017, 'y': 0.26939610043448214, 'z': 0.09510761016879937}"
1752791326.8592615,"{'x': 0.049734521079336735, 'y': 0.2609615146187845, 'z': 0.09496742745705056}"
1752791326.9096005,"{'x': 0.04977968068910754, 'y': 0.2510701381787219, 'z': 0.09515371075658724}"
1752791326.9598637,"{'x': 0.04993197596544441, 'y': 0.24480492204770532, 'z': 0.09571538737510266}"
1752791327.010121,"{'x': 0.0502113696608103, 'y': 0.23620517565553567, 'z': 0.09642787593959096}"
1752791327.0603473,"{'x': 0.04999779292888129, 'y': 0.2293518858983985, 'z': 0.09658665150280699}"
1752791327.1105986,"{'x': 0.05042533688624207, 'y': 0.22293054049438044, 'z': 0.09728219222065776}"
1752791327.1608648,"{'x': 0.05045680753896542, 'y': 0.21665257191515974, 'z': 0.09753007196324548}"
1752791327.2111094,"{'x': 0.05038972236711825, 'y': 0.2104470987981254, 'z': 0.09750203893808074}"
1752791327.2613156,"{'x': 0.050553164429222086, 'y': 0.20459069387922113, 'z': 0.09767036168647952}"
1752791327.3115454,"{'x': 0.05086630716882545, 'y': 0.19914641687388113, 'z': 0.09772018211666694}"
1752791327.36186,"{'x': 0.050558184937803285, 'y': 0.19325353719305938, 'z': 0.09742419281061887}"
1752791327.4121976,"{'x': 0.05051149466406324, 'y': 0.18747102733602217, 'z': 0.09704760884082031}"
1752791327.4626944,"{'x': 0.05026223608017444, 'y': 0.18235713422580524, 'z': 0.09652260524875972}"
1752791327.5131094,"{'x': 0.050504390279864086, 'y': 0.1764930273005697, 'z': 0.09680338146733292}"
1752791327.563467,"{'x': 0.05063920456105031, 'y': 0.17113126994322425, 'z': 0.09698232524619116}"
1752791327.6138225,"{'x': 0.05081755978838032, 'y': 0.166100233109298, 'z': 0.09700818400205657}"
1752791327.6642146,"{'x': 0.05067856478475563, 'y': 0.16097715198785623, 'z': 0.0971816647909835}"
1752791327.714609,"{'x': 0.050791305954125954, 'y': 0.15586245219174255, 'z': 0.09738289077070406}"
1752791327.7650223,"{'x': 0.05059312783015235, 'y': 0.15114030921611088, 'z': 0.09768576012234609}"
1752791327.8153937,"{'x': 0.05066444523348279, 'y': 0.14631543300983874, 'z': 0.09792275537445949}"
1752791327.8660262,"{'x': 0.05068832751350427, 'y': 0.14173632719768792, 'z': 0.09818095486819672}"
1752791327.9166634,"{'x': 0.05059853344113885, 'y': 0.13756883685595267, 'z': 0.09817323968977704}"
1752791327.9669511,"{'x': 0.05058589294339633, 'y': 0.13309828655974532, 'z': 0.09876295214917041}"
1752791328.0171428,"{'x': 0.05034486961490103, 'y': 0.12989408050597395, 'z': 0.09858265183263165}"
1752791328.067393,"{'x': 0.05053460984559377, 'y': 0.12788823521998038, 'z': 0.09871549823197523}"
1752791328.1179986,"{'x': 0.04991794464653965, 'y': 0.12615216711824662, 'z': 0.09830804594467879}"
1752791328.1684258,"{'x': 0.049832926423948876, 'y': 0.12559454414194038, 'z': 0.09840681954658803}"
1752791328.2187686,"{'x': 0.0493781827878208, 'y': 0.12528659586143587, 'z': 0.09811813776621248}"
1752791328.269096,"{'x': 0.048941606546004324, 'y': 0.1253095729013013, 'z': 0.09806487490169047}"
1752791328.3193946,"{'x': 0.04869310769923596, 'y': 0.12557828194358822, 'z': 0.09820697198613176}"
1752791328.369764,"{'x': 0.04834844554866802, 'y': 0.12625475089805938, 'z': 0.09817634864803743}"
1752791328.4200773,"{'x': 0.048274883462083196, 'y': 0.126866372513616, 'z': 0.0980821880617394}"
1752791328.4703298,"{'x': 0.04781869320537857, 'y': 0.12722326828267416, 'z': 0.0980120212851901}"
1752791328.5204868,"{'x': 0.047607041914722426, 'y': 0.12759715362535018, 'z': 0.09761966893895663}"
1752791328.5707846,"{'x': 0.047414565609784076, 'y': 0.12724741167547904, 'z': 0.09729493773815112}"
1752791328.6211822,"{'x': 0.046962300031381576, 'y': 0.12642570678204434, 'z': 0.096887971271863}"
1752791328.6714764,"{'x': 0.04694932735210844, 'y': 0.12544161358591832, 'z': 0.09706886968211637}"
1752791328.7217624,"{'x': 0.04683787414097662, 'y': 0.12395381687539575, 'z': 0.0968043164688594}"
1752791328.7719607,"{'x': 0.04675211770635024, 'y': 0.12225972741128854, 'z': 0.09673850313486049}"
1752791328.8221047,"{'x': 0.046033059659432496, 'y': 0.11983575537886404, 'z': 0.09632285095022969}"
1752791328.8722332,"{'x': 0.04655397724619825, 'y': 0.11778371473272364, 'z': 0.09696786099255389}"
1752791328.9223819,"{'x': 0.04612217248460293, 'y': 0.11476431256727604, 'z': 0.09660521675076106}"
1752791328.9725401,"{'x': 0.04612643807407113, 'y': 0.11263129770266489, 'z': 0.09694498361200754}"
1752791329.0226705,"{'x': 0.04652856539398953, 'y': 0.11006275972420065, 'z': 0.09762166311493908}"
1752791329.0729353,"{'x': 0.0463982002044272, 'y': 0.10798334226886397, 'z': 0.09759273894829812}"
1752791329.1232452,"{'x': 0.04683807981407695, 'y': 0.10569581600822986, 'z': 0.09834793034808453}"
1752791329.1737835,"{'x': 0.04722657348318082, 'y': 0.10389930137476633, 'z': 0.09837717105425725}"
1752791329.2239747,"{'x': 0.04720427023846485, 'y': 0.10249005409137524, 'z': 0.09824112332540308}"
1752791329.2741714,"{'x': 0.047656270274824, 'y': 0.10127007040257319, 'z': 0.09812973216905613}"
1752791329.324388,"{'x': 0.04782003300616666, 'y': 0.10055505846553436, 'z': 0.09772081866735627}"
1752791329.3746798,"{'x': 0.0480504271650849, 'y': 0.09977392234441251, 'z': 0.09767839099961412}"
1752791329.4249701,"{'x': 0.04833731099513827, 'y': 0.0992901292268189, 'z': 0.09767128930687474}"
1752791329.47531,"{'x': 0.04833642376871239, 'y': 0.09886353210795085, 'z': 0.09790635356113092}"
1752791329.5254965,"{'x': 0.04833097545053733, 'y': 0.09827965579233133, 'z': 0.0980012698592937}"
1752791329.5757241,"{'x': 0.04813505570431986, 'y': 0.09768587012697483, 'z': 0.09809135394173424}"
1752791329.6259458,"{'x': 0.04788575584377208, 'y': 0.09687720497383145, 'z': 0.0984734586086235}"
1752791329.6762774,"{'x': 0.047686111111411966, 'y': 0.09593464438735722, 'z': 0.09877479451797266}"
1752791329.726583,"{'x': 0.047161915771472995, 'y': 0.09482972139016532, 'z': 0.09910714581693758}"
1752791329.776923,"{'x': 0.04662844732337168, 'y': 0.0935497676210616, 'z': 0.09936920057946219}"
1752791329.8271148,"{'x': 0.046209220206738566, 'y': 0.09217615703712845, 'z': 0.0996892757948129}"
1752791329.8774083,"{'x': 0.04563874482404373, 'y': 0.09048262844651977, 'z': 0.09981134307963402}"
1752791329.9278455,"{'x': 0.04532728811309639, 'y': 0.0889382317163534, 'z': 0.09996469837561267}"
1752791329.9781907,"{'x': 0.04405502333580247, 'y': 0.08692011159661606, 'z': 0.09959117856197208}"
1752791330.028338,"{'x': 0.04469474518096617, 'y': 0.08536808557058206, 'z': 0.10032451710425672}"
1752791330.0784705,"{'x': 0.04456355761760211, 'y': 0.08388767180238021, 'z': 0.10030359492363683}"
1752791330.1286595,"{'x': 0.04447630016777415, 'y': 0.08226328029708885, 'z': 0.10057566845267224}"
1752791330.1789074,"{'x': 0.044573246291482294, 'y': 0.08104104399971723, 'z': 0.10043799271800419}"
1752791330.229106,"{'x': 0.04497526663866158, 'y': 0.0802028687843932, 'z': 0.1004583222329885}"
1752791330.2794344,"{'x': 0.04534900557090826, 'y': 0.07949223926834248, 'z': 0.1002084358732474}"
1752791330.3296454,"{'x': 0.04583227748695329, 'y': 0.07897279792568346, 'z': 0.10014794369705043}"
1752791330.3798447,"{'x': 0.046267312945182604, 'y': 0.0785464439748198, 'z': 0.1000477273570432}"
1752791330.4300752,"{'x': 0.04682746034479779, 'y': 0.0784010490361613, 'z': 0.0998521412563334}"
1752791330.4804165,"{'x': 0.047231247109137287, 'y': 0.07802991884050725, 'z': 0.0998398800718841}"
1752791330.5306304,"{'x': 0.04754742437372672, 'y': 0.07771427633424921, 'z': 0.09962063872684035}"
1752791330.5808425,"{'x': 0.0478485809549426, 'y': 0.07751263693584876, 'z': 0.09919208272821539}"
1752791330.631069,"{'x': 0.04773307200317822, 'y': 0.07692137152453027, 'z': 0.09894319052161515}"
1752791330.6812935,"{'x': 0.04777277709590111, 'y': 0.07632990340192614, 'z': 0.0986577908245242}"
1752791330.7317493,"{'x': 0.04776496408868458, 'y': 0.07556073704087507, 'z': 0.0987927056870398}"
1752791330.7822711,"{'x': 0.047991754293653766, 'y': 0.07440937417151594, 'z': 0.09899728222299814}"
1752791330.832696,"{'x': 0.047536444515775766, 'y': 0.07307533426168833, 'z': 0.09854545710336693}"
1752791330.883073,"{'x': 0.04709951130637491, 'y': 0.0717376422919721, 'z': 0.09836743141513243}"
1752791330.9335876,"{'x': 0.04654829875952682, 'y': 0.07046712479249362, 'z': 0.09826635492269087}"
1752791330.9842892,"{'x': 0.04628381561318973, 'y': 0.06864852722720016, 'z': 0.09807536225497943}"
1752791331.034967,"{'x': 0.045785196465359945, 'y': 0.06713978490699024, 'z': 0.09794238791425397}"
1752791331.0854359,"{'x': 0.04558234752705026, 'y': 0.06570114688023931, 'z': 0.09778183239040189}"
1752791331.1362288,"{'x': 0.04479041280152918, 'y': 0.06445519323713855, 'z': 0.09699055127263206}"
1752791331.186633,"{'x': 0.044297446899505544, 'y': 0.06333157765313302, 'z': 0.09680802815828932}"
1752791331.2376606,"{'x': 0.04387598483683619, 'y': 0.062099815491316046, 'z': 0.09627153831360175}"
1752791331.2878685,"{'x': 0.04349469797863881, 'y': 0.06117593845020797, 'z': 0.09570508286401286}"
1752791331.3381681,"{'x': 0.04360270981069114, 'y': 0.06038223580050961, 'z': 0.09572576921522291}"
1752791331.3883898,"{'x': 0.04338913646330134, 'y': 0.05981317692559218, 'z': 0.09564289052695146}"
1752791331.4385884,"{'x': 0.043268571215002716, 'y': 0.059475963066169424, 'z': 0.09582326640098221}"
1752791331.4888651,"{'x': 0.04295704510019105, 'y': 0.05926884039425717, 'z': 0.09585122825660425}"
1752791331.5391545,"{'x': 0.042189098438383255, 'y': 0.059180909997604836, 'z': 0.09592878978390584}"
1752791331.5893202,"{'x': 0.04194749253969543, 'y': 0.059284593643273875, 'z': 0.09604418517950658}"
1752791331.639527,"{'x': 0.041669020525736844, 'y': 0.059216602236221716, 'z': 0.09615537406325486}"
1752791331.6898062,"{'x': 0.04145409141143186, 'y': 0.059296878732849834, 'z': 0.0962214423526776}"
1752791331.7399883,"{'x': 0.04128637574166616, 'y': 0.05926937210754579, 'z': 0.09648598531479224}"
1752791331.790266,"{'x': 0.04168976741492869, 'y': 0.05917129831990897, 'z': 0.0968699106224521}"
1752791331.8404083,"{'x': 0.04127512407782219, 'y': 0.058495751729140344, 'z': 0.09668343578525124}"
1752791331.8905337,"{'x': 0.04129924786366446, 'y': 0.05823858354951095, 'z': 0.0965983345611211}"
1752791331.9407098,"{'x': 0.04156911896382509, 'y': 0.05793359691535682, 'z': 0.09684078740770807}"
1752791331.9908857,"{'x': 0.03828058969709369, 'y': 0.06458548195205471, 'z': 0.09033809148480393}"
1752791332.0410395,"{'x': 0.04136047138160015, 'y': 0.05621517440870738, 'z': 0.09634003019493537}"
1752791332.0911868,"{'x': 0.041679586231266885, 'y': 0.055404355229923596, 'z': 0.09646365466611317}"
1752791332.1413264,"{'x': 0.04217489262597296, 'y': 0.054225593858640564, 'z': 0.09642504415913256}"
1752791332.1915514,"{'x': 0.0424124426353476, 'y': 0.053074865167799246, 'z': 0.09687388467331709}"
1752791332.2417834,"{'x': 0.04265477008692753, 'y': 0.05203969207987558, 'z': 0.09661828750659485}"
1752791332.2919848,"{'x': 0.04254751103662113, 'y': 0.050718311392254245, 'z': 0.09650773789620604}"
1752791332.342366,"{'x': 0.04248291810832794, 'y': 0.05035530541416311, 'z': 0.09654517868499657}"
1752791332.3926444,"{'x': 0.04260703002937627, 'y': 0.04956732667344255, 'z': 0.0970502250485159}"
1752791332.4428086,"{'x': 0.04269324087226889, 'y': 0.04933078575262695, 'z': 0.09752075623812956}"
1752791332.493003,"{'x': 0.042442211869277324, 'y': 0.049395259468192676, 'z': 0.09823191715539792}"
1752791332.5431976,"{'x': 0.0420170297758905, 'y': 0.05001352479523946, 'z': 0.09870448270723603}"
1752791332.5934308,"{'x': 0.04208435557729462, 'y': 0.0504889966592601, 'z': 0.09955433127031199}"
1752791332.6437857,"{'x': 0.04161722889160724, 'y': 0.05142850374213137, 'z': 0.1002726969864205}"
1752791332.6939692,"{'x': 0.04141170620043677, 'y': 0.05298543790331067, 'z': 0.1010828552339521}"
1752791332.7441337,"{'x': 0.04157563314698831, 'y': 0.054333013071405034, 'z': 0.10161521986354899}"
1752791332.7942736,"{'x': 0.041331211516580146, 'y': 0.05555640596247069, 'z': 0.10192762251712861}"
1752791332.8445396,"{'x': 0.04134200429640733, 'y': 0.05694564834023763, 'z': 0.10188273194537212}"
1752791332.894957,"{'x': 0.0417073352083156, 'y': 0.05841162751218032, 'z': 0.10216100215278351}"
1752791332.9452264,"{'x': 0.04175000721255717, 'y': 0.059137499695568474, 'z': 0.10189456085224718}"
1752791332.9953704,"{'x': 0.04194885729354825, 'y': 0.05956442637188619, 'z': 0.1012416493671362}"
1752791333.045544,"{'x': 0.0421931750737361, 'y': 0.05969639196359977, 'z': 0.10041385176825174}"
1752791333.0957417,"{'x': 0.04301389902782138, 'y': 0.05970175838310943, 'z': 0.09906080644427684}"
1752791333.1459196,"{'x': 0.04287370422798975, 'y': 0.058731210972074455, 'z': 0.09775471813606151}"
1752791333.1960714,"{'x': 0.043230969519383544, 'y': 0.057956194585432996, 'z': 0.09690307592044717}"
1752791333.246561,"{'x': 0.043728635801143945, 'y': 0.05636365425837464, 'z': 0.09640684225591989}"
1752791333.296871,"{'x': 0.04411217464827677, 'y': 0.055181514897473694, 'z': 0.09628350501342992}"
1752791333.3470416,"{'x': 0.04375376074162174, 'y': 0.05353734961835588, 'z': 0.09582838090016782}"
1752791333.3972569,"{'x': 0.04387443801448487, 'y': 0.05193745057214094, 'z': 0.09645258653324446}"
1752791333.4474618,"{'x': 0.04344364417731006, 'y': 0.05024039637580602, 'z': 0.09646057564589544}"
1752791333.4976883,"{'x': 0.04387985731170585, 'y': 0.048835805136258625, 'z': 0.0976494702311898}"
1752791333.548014,"{'x': 0.04365487219288333, 'y': 0.04752152629746165, 'z': 0.09804582303303305}"
1752791333.5982738,"{'x': 0.043472065611959154, 'y': 0.046363858807686675, 'z': 0.09854256918612697}"
1752791333.6486452,"{'x': 0.043496207239389295, 'y': 0.04554905430237022, 'z': 0.0993511873269276}"
1752791333.699299,"{'x': 0.0431941488570462, 'y': 0.04490383657982899, 'z': 0.09943940003210178}"
1752791333.7498348,"{'x': 0.04310179011088355, 'y': 0.04462018084377428, 'z': 0.09938488162073583}"
1752791333.8001661,"{'x': 0.04317067951840381, 'y': 0.04436535816292564, 'z': 0.09976997110410157}"
1752791333.8504164,"{'x': 0.04283237604721124, 'y': 0.043969437851630544, 'z': 0.09938573879482282}"
1752791333.9006293,"{'x': 0.04275040335215552, 'y': 0.0442612994242495, 'z': 0.09923537661877702}"
1752791333.9509647,"{'x': 0.043289696598398875, 'y': 0.04433577234534225, 'z': 0.0995281025598252}"
1752791334.0014763,"{'x': 0.04347216030936518, 'y': 0.044009625586648116, 'z': 0.0992754147719282}"
1752791334.05171,"{'x': 0.04353262555405535, 'y': 0.04423785366768185, 'z': 0.0987924136037831}"
1752791334.1022987,"{'x': 0.04437785752688972, 'y': 0.0441547189301007, 'z': 0.09888294095000244}"
1752791334.1528454,"{'x': 0.044573900219318285, 'y': 0.043614726003066484, 'z': 0.09852858399215553}"
1752791334.2033844,"{'x': 0.04506437552325382, 'y': 0.04337506269626179, 'z': 0.09845474067813093}"
1752791334.253702,"{'x': 0.045246072963909034, 'y': 0.04284518212533017, 'z': 0.09839104887767142}"
1752791334.303953,"{'x': 0.04539521274641012, 'y': 0.04183443348081928, 'z': 0.0982030405245925}"
1752791334.3541975,"{'x': 0.04548143659290149, 'y': 0.041192999088944804, 'z': 0.09779822117622994}"
1752791334.404463,"{'x': 0.045368854474735154, 'y': 0.040234959492411404, 'z': 0.09726005986903585}"
1752791334.4548182,"{'x': 0.045222552156298446, 'y': 0.03946675199523275, 'z': 0.09733935625732199}"
1752791334.505148,"{'x': 0.04495312908804283, 'y': 0.038506997074394866, 'z': 0.0971016782367572}"
1752791334.5553951,"{'x': 0.044408607167126135, 'y': 0.037616119851600294, 'z': 0.09672711235303716}"
1752791334.6056273,"{'x': 0.043977251078944124, 'y': 0.036892287586982375, 'z': 0.09676700797981302}"
1752791334.6558921,"{'x': 0.04332921313299276, 'y': 0.03631293967008542, 'z': 0.09654179473861668}"
1752791334.7061324,"{'x': 0.04237660076018901, 'y': 0.035607092638169746, 'z': 0.09629719057450581}"
1752791334.7563381,"{'x': 0.04186500815523453, 'y': 0.03546953780964268, 'z': 0.09635513835683673}"
1752791334.8065784,"{'x': 0.04143097672452556, 'y': 0.03569118167957275, 'z': 0.09638115171909473}"
1752791334.8567836,"{'x': 0.040798082178107764, 'y': 0.036083000756961914, 'z': 0.09662551023546623}"
1752791334.9069805,"{'x': 0.04080325224626591, 'y': 0.03632684769934014, 'z': 0.09695135726547627}"
1752791334.9572606,"{'x': 0.040651469347158575, 'y': 0.03697228777856432, 'z': 0.09742929830329616}"
1752791335.0076928,"{'x': 0.04098526740039721, 'y': 0.03755366603453192, 'z': 0.09806946581770426}"
1752791335.058035,"{'x': 0.04065031761504079, 'y': 0.03808624218438694, 'z': 0.09783988298116475}"
1752791335.108536,"{'x': 0.04093241447186702, 'y': 0.03876371081555274, 'z': 0.09819961132246235}"
1752791335.1587944,"{'x': 0.040820412030369124, 'y': 0.03899395967617181, 'z': 0.09835618365069931}"
1752791335.2090588,"{'x': 0.04094253648637558, 'y': 0.03896265413188771, 'z': 0.09860568798697927}"
1752791335.2593226,"{'x': 0.04134970983631603, 'y': 0.03916385201908312, 'z': 0.09909146070452057}"
1752791335.3099952,"{'x': 0.04153531439569935, 'y': 0.03884907519393188, 'z': 0.09939773649294298}"
1752791335.360501,"{'x': 0.04169925335363667, 'y': 0.03847697376316628, 'z': 0.09964644859270172}"
1752791335.4107382,"{'x': 0.041915949244595296, 'y': 0.037713249035913776, 'z': 0.09969524364971466}"
1752791335.460984,"{'x': 0.04184348892904877, 'y': 0.036655649087279474, 'z': 0.0997650003611914}"
1752791335.5112453,"{'x': 0.04154384557113322, 'y': 0.03566580090552873, 'z': 0.09940098527493507}"
1752791335.5615618,"{'x': 0.04180318720759635, 'y': 0.03489613806611458, 'z': 0.09988323414732847}"
1752791335.6121771,"{'x': 0.04185641762203929, 'y': 0.03395072257478404, 'z': 0.10028949110723878}"
1752791335.6625674,"{'x': 0.0413167603965664, 'y': 0.03319769923128191, 'z': 0.10030726379446092}"
1752791335.7127547,"{'x': 0.041144713317415094, 'y': 0.032602674601803217, 'z': 0.10079967608733642}"
1752791335.7629323,"{'x': 0.04069356575109828, 'y': 0.03223632948859212, 'z': 0.10087188297754818}"
1752791335.8132012,"{'x': 0.04019396422756838, 'y': 0.032081219276717476, 'z': 0.1009349776609621}"
1752791335.8638527,"{'x': 0.039807146531439686, 'y': 0.03231616723835007, 'z': 0.10101872510519405}"
1752791335.9142725,"{'x': 0.039237475267547284, 'y': 0.0325961817492727, 'z': 0.10097256462831244}"
1752791335.9649508,"{'x': 0.03857263433253022, 'y': 0.03322971286353327, 'z': 0.10094624833321852}"
1752791336.0154307,"{'x': 0.03820926644015399, 'y': 0.033800418705688284, 'z': 0.10042227542425763}"
1752791336.0661552,"{'x': 0.037974317197077445, 'y': 0.03447615109393476, 'z': 0.10017546409138994}"
1752791336.1162918,"{'x': 0.037322126979669634, 'y': 0.03497079741848841, 'z': 0.09965444975273663}"
1752791336.1664171,"{'x': 0.03707101848624328, 'y': 0.035264713405735004, 'z': 0.09910169378391737}"
1752791336.2165408,"{'x': 0.03665870120545445, 'y': 0.03587550419742924, 'z': 0.09876478481537276}"
1752791336.2666469,"{'x': 0.036492052220787, 'y': 0.03626455054039257, 'z': 0.09850733660346611}"
1752791336.316732,"{'x': 0.03609971125189726, 'y': 0.03638513494542328, 'z': 0.09819177808261814}"
1752791336.36684,"{'x': 0.035223103372761466, 'y': 0.03650772642249678, 'z': 0.09787581115155702}"
1752791336.41696,"{'x': 0.035127458532008715, 'y': 0.03598563011079847, 'z': 0.0975326780947669}"
1752791336.4671447,"{'x': 0.03505215654191285, 'y': 0.03572664631380651, 'z': 0.09777814695379888}"
1752791336.5173452,"{'x': 0.035721293084490124, 'y': 0.034795202073201636, 'z': 0.09760040444513668}"
1752791336.5674565,"{'x': 0.03597918289692914, 'y': 0.03409185712234497, 'z': 0.09728149232332695}"
1752791336.6175678,"{'x': 0.03638436149396573, 'y': 0.03311114306101237, 'z': 0.09710945573023749}"
1752791336.6676784,"{'x': 0.03686957723750239, 'y': 0.032275478788643785, 'z': 0.09694400892224891}"
1752791336.7178407,"{'x': 0.03723323957281943, 'y': 0.031767973393448945, 'z': 0.09689732890115965}"
1752791336.7680612,"{'x': 0.03765929720580363, 'y': 0.03091751934547582, 'z': 0.09692475162038006}"
1752791336.8183014,"{'x': 0.038400228279643844, 'y': 0.030280048425238237, 'z': 0.09715953310587244}"
1752791336.8686259,"{'x': 0.03900785383425631, 'y': 0.02955851360656303, 'z': 0.09764225840521268}"
1752791336.918865,"{'x': 0.03952156853970934, 'y': 0.029034039043502657, 'z': 0.09769039116275052}"
1752791336.969132,"{'x': 0.03975134557386084, 'y': 0.028565456626709285, 'z': 0.09804190143202257}"
1752791337.019397,"{'x': 0.03992168958440223, 'y': 0.028337591304145482, 'z': 0.09876247698343127}"
1752791337.069899,"{'x': 0.0398995060015328, 'y': 0.02835733711026578, 'z': 0.09906362275854824}"
1752791337.120023,"{'x': 0.039701830572562935, 'y': 0.028426604701279334, 'z': 0.09933214248731059}"
1752791337.1701705,"{'x': 0.03931702718314989, 'y': 0.028825142644072876, 'z': 0.09940823750770211}"
1752791337.2203069,"{'x': 0.03904168400983876, 'y': 0.029171236960838343, 'z': 0.09963072949972179}"
1752791337.2704966,"{'x': 0.03862481815928709, 'y': 0.029659705235493994, 'z': 0.09954969845679779}"
1752791337.320637,"{'x': 0.03774859884749415, 'y': 0.030252053278838953, 'z': 0.09901661708132292}"
1752791337.370785,"{'x': 0.037767495426288766, 'y': 0.03072152634521974, 'z': 0.09921495361343918}"
1752791337.4210205,"{'x': 0.037107713716219126, 'y': 0.031234276923064463, 'z': 0.09861709735207558}"
1752791337.4711785,"{'x': 0.036779855042602505, 'y': 0.03177246666912792, 'z': 0.09812009505981467}"
1752791337.5213113,"{'x': 0.0361653945201883, 'y': 0.03190719572162648, 'z': 0.09762145243089565}"
1752791337.5714471,"{'x': 0.0361112973908676, 'y': 0.03205837960395863, 'z': 0.09753952942897753}"
1752791337.621963,"{'x': 0.035901840373462446, 'y': 0.03198138070735135, 'z': 0.09729096988360575}"
1752791337.6721938,"{'x': 0.0358144407257045, 'y': 0.031850936174383504, 'z': 0.09696297900703504}"
1752791337.7224522,"{'x': 0.035735353720054985, 'y': 0.03151954175656946, 'z': 0.09665057399218374}"
1752791337.7726557,"{'x': 0.035558653391959405, 'y': 0.03089521470431622, 'z': 0.09652897944629707}"
1752791337.823112,"{'x': 0.03554812864304502, 'y': 0.030224772344466966, 'z': 0.0966239374194035}"
1752791337.8734436,"{'x': 0.037651096090325686, 'y': 0.03058261417654995, 'z': 0.08787962994136994}"
1752791337.9236314,"{'x': 0.025874497657933926, 'y': 0.031407491561524115, 'z': 0.08919079960795806}"
1752791337.9739811,"{'x': 0.03530816551256466, 'y': 0.02765714467386593, 'z': 0.09930399580901039}"
1752791338.0241423,"{'x': 0.035071610312356616, 'y': 0.02714104637930348, 'z': 0.09970189302724125}"
1752791338.0744574,"{'x': 0.03482846013885332, 'y': 0.02661062444044804, 'z': 0.09963927460821986}"
1752791338.1247451,"{'x': 0.03458411907075365, 'y': 0.02639531297764175, 'z': 0.09983430692033013}"
1752791338.1750069,"{'x': 0.034142258678016124, 'y': 0.02608994455614877, 'z': 0.0997156912438587}"
1752791338.2252092,"{'x': 0.03334987274931733, 'y': 0.02673127230522998, 'z': 0.09741129820089905}"
1752791338.2754307,"{'x': 0.032759884047111276, 'y': 0.02713791069954441, 'z': 0.09770418353073451}"
1752791338.3255749,"{'x': 0.03268535362332492, 'y': 0.02769761324372, 'z': 0.09752884976625831}"
1752791338.3757217,"{'x': 0.032373512861725295, 'y': 0.028566407960329943, 'z': 0.09779176236431414}"
1752791338.4259126,"{'x': 0.03191925720549016, 'y': 0.029488865050998125, 'z': 0.0975999283987189}"
1752791338.476057,"{'x': 0.031286156823897904, 'y': 0.030158791490232817, 'z': 0.0971280796858352}"
1752791338.5263572,"{'x': 0.03156915430270835, 'y': 0.03165188696452359, 'z': 0.09729675027641299}"
1752791338.5765784,"{'x': 0.03138301420303302, 'y': 0.032282224799166426, 'z': 0.09693498464234296}"
1752791338.6268346,"{'x': 0.03181269967488687, 'y': 0.0333769837310155, 'z': 0.09688104956344912}"
1752791338.6771262,"{'x': 0.031664630182361764, 'y': 0.03402439200109275, 'z': 0.09654209226242877}"
1752791338.7273872,"{'x': 0.031913391355100074, 'y': 0.034501734195390155, 'z': 0.09622801493440125}"
1752791338.7776499,"{'x': 0.032169244432729616, 'y': 0.034865340231342246, 'z': 0.09586152111696378}"
1752791338.8281698,"{'x': 0.03252587587620592, 'y': 0.03508423342451239, 'z': 0.09582320850299114}"
1752791338.8786209,"{'x': 0.032716418839826567, 'y': 0.03513976100607197, 'z': 0.09537966820973681}"
1752791338.9288821,"{'x': 0.03319061790121036, 'y': 0.0349530513585774, 'z': 0.09577982006252955}"
1752791338.9793704,"{'x': 0.03342267066440485, 'y': 0.03458444692513829, 'z': 0.09578829821862356}"
1752791339.0296788,"{'x': 0.03341166058554301, 'y': 0.034211650397320104, 'z': 0.09579012074160204}"
1752791339.0801756,"{'x': 0.033447440200013, 'y': 0.03394484046137236, 'z': 0.09576797053380615}"
1752791339.1308107,"{'x': 0.03345306064355669, 'y': 0.03352242307643938, 'z': 0.09604709343925955}"
1752791339.1814153,"{'x': 0.03270986541665977, 'y': 0.033055215457423515, 'z': 0.09581691147535915}"
1752791339.2317977,"{'x': 0.032237499692205795, 'y': 0.03289176013537365, 'z': 0.09612351812262726}"
1752791339.2819953,"{'x': 0.03235837360996807, 'y': 0.03245637390727607, 'z': 0.09680766160805027}"
1752791339.3326688,"{'x': 0.031833632719263094, 'y': 0.03243716321609447, 'z': 0.09710396142185318}"
1752791339.3833086,"{'x': 0.03123245503367711, 'y': 0.032528924704427475, 'z': 0.097334487080032}"
1752791339.4337199,"{'x': 0.03042327839357417, 'y': 0.03278551587689882, 'z': 0.09747003823612721}"
